team,name,confed,prior_matches,new_matches,total_matches,prior_weight,new_weight,prior_off,prior_xG_scaled,new_xG,pooled_xG_pre_normalization,xG,prior_def,prior_xGA_scaled,new_xGA,pooled_xGA_pre_normalization,xGA
Afghanistan,Afghanistan,AFC,20.0,3.0,23.0,0.8695652173913043,0.13043478260869565,0.2602728554126349,0.2558616744877497,0.1175103565740532,0.23781585041205017,0.23131895788262566,1.1548765665706373,1.1548765665706373,0.8286255508844331,1.112322086263741,1.061477166431971
Albania,Albania,UEFA,35.0,8.0,43.0,0.813953488372093,0.18604651162790697,1.4817885949083711,1.4566748058649097,1.325806260136937,1.4323271694504032,1.3931974156061129,0.7356756596188074,0.7356756596188074,0.6029535102940872,0.7109831667211851,0.6784836932682188
Algeria,Algeria,CAF,37.0,18.0,55.0,0.6727272727272727,0.32727272727272727,1.683263657512011,1.6547352098342936,1.6116959601242435,1.6406496372019135,1.5958287207118154,0.8694611797070024,0.8694611797070024,0.7529065445626084,0.831316026387019,0.793316064650674
Andorra,Andorra,UEFA,32.0,8.0,40.0,0.8,0.2,0.4822628797823617,0.4740893466157798,0.6467268004606944,0.5086168373847627,0.49472193119823565,0.6781081613236571,0.6781081613236571,1.092208261211106,0.7609281813011469,0.7261456908213006
Angola,Angola,CAF,40.0,9.0,49.0,0.8163265306122449,0.1836734693877551,1.0653730545572253,1.0473167985996117,1.136269774478995,1.0636551002917431,1.034597100738743,1.001142387399052,1.001142387399052,1.2815968284838353,1.0526544275982979,1.004536952774461
Anguilla,Anguilla,CONCACAF,17.0,5.0,22.0,0.7727272727272727,0.22727272727272727,0.0551746734031651,0.05423955680613484,0.0013806726686514,0.042226174047615875,0.041072596965849445,2.324081614765478,2.324081614765478,2.569336678417669,2.3798214019591577,2.271038316654266
Antigua and Barbuda,Antigua and Barbuda,CONCACAF,21.0,4.0,25.0,0.84,0.16,0.2931553795724845,0.2881868959542161,0.0034265347276397,0.24262523815796386,0.23599695793817557,2.486222187126606,2.486222187126606,0.3529786426347303,2.144903220007906,2.0468583878365623
Argentina,Argentina,CONMEBOL,44.0,7.0,51.0,0.8627450980392157,0.13725490196078433,2.713174703740239,2.667191020654865,2.053985298130305,2.5830255293279643,2.512459840641836,0.3492213831307262,0.3492213831307262,0.397346923648422,0.3558268494762923,0.3395617875315242
Armenia,Armenia,UEFA,32.0,8.0,40.0,0.8,0.2,1.2748402372332133,1.2532338698391041,1.3415367486186798,1.2708944455950193,1.2361748732243503,1.1771275058656154,1.1771275058656154,1.255900038508439,1.1928820123941801,1.138354649287806
Aruba,Aruba,CONCACAF,18.0,4.0,22.0,0.8181818181818182,0.18181818181818182,0.2586407055650617,0.2542571867959659,0.0010717641870698,0.20822347359434842,0.2025350153704663,2.195743450393831,2.195743450393831,0.893187229706609,1.9589150466325178,1.869371847110305
Australia,Australia,AFC,39.0,8.0,47.0,0.8297872340425532,0.1702127659574468,1.5074565571616148,1.4819077399424618,1.9160499587208988,1.5558042878196428,1.5133012618974064,0.7192110413470046,0.7192110413470046,0.769325140297676,0.7277411007428636,0.6944756119222258
Austria,Austria,UEFA,36.0,8.0,44.0,0.8181818181818182,0.18181818181818182,2.094014611870481,2.058524636176821,1.6256328054557978,1.9798170305911802,1.9257303982099119,0.8107237027921335,0.8107237027921335,0.8979621581921041,0.8265852401375827,0.788801525521172
Azerbaijan,Azerbaijan,UEFA,31.0,8.0,39.0,0.7948717948717948,0.20512820512820512,1.1503175114650008,1.130821591861356,1.3137662823844594,1.168348707866095,1.136430583070182,1.0740671837802307,1.0740671837802307,1.0896395280678428,1.077261510813587,1.0280192312332632
Bahamas,Bahamas,CONCACAF,19.0,4.0,23.0,0.8260869565217391,0.17391304347826086,0.3080869958156537,0.30286544677246746,0.0018290106594294,0.25051128397019995,0.2436675648213603,1.9441687314464509,1.9441687314464509,2.867315150197835,2.1047159347075612,2.0085080878164576
Bahrain,Bahrain,AFC,50.0,10.0,60.0,0.8333333333333334,0.16666666666666666,0.9132580121077424,0.8977798466412691,0.9468796950619208,0.9059631547113777,0.8812131422896659,1.0846368152739996,1.0846368152739996,1.3145830243399312,1.1229611834516549,1.0716299440095112
Bangladesh,Bangladesh,AFC,31.0,7.0,38.0,0.8157894736842105,0.18421052631578946,0.1041630841932707,0.10239769759795285,0.2098514229369468,0.1221918048972412,0.11885364630512761,1.2146344539843672,1.2146344539843672,1.0512382788603387,1.1845351585667832,1.1303893352310765
Barbados,Barbados,CONCACAF,27.0,4.0,31.0,0.8709677419354839,0.12903225806451613,0.3763782936610108,0.36999932361088356,0.0007352101993544,0.3223523412352024,0.31354599584659676,2.372843056797372,2.372843056797372,1.916053884192872,2.3139025183967914,2.2081326253961056
Belarus,Belarus,UEFA,32.0,7.0,39.0,0.8205128205128205,0.1794871794871795,0.9164055557551196,0.9008740447929144,1.6102084572823965,1.028190477803847,1.0001013364682503,0.9339302499250032,0.9339302499250032,0.9428140849719288,0.9355247844206053,0.8927613769041055
Belgium,Belgium,UEFA,38.0,8.0,46.0,0.8260869565217391,0.17391304347826086,2.2453608595914973,2.2073058231659317,1.7462894955143835,2.12712907053088,2.069018019717786,0.6245339654996918,0.6245339654996918,0.844408993336069,0.6627731007755834,0.632477338791048
Belize,Belize,CONCACAF,27.0,4.0,31.0,0.8709677419354839,0.12903225806451613,0.2559783753275468,0.25163997851456454,0.090896324717397,0.23089886189557518,0.22459093461359292,2.054120656807354,2.054120656807354,1.1469870411562886,1.9370711580136681,1.8485264559404901
Benin,Benin,CAF,27.0,10.0,37.0,0.7297297297297297,0.2702702702702703,1.255413913917944,1.2341367895665376,1.0871845334098216,1.1944199635782362,1.1617895980036894,1.1531433571051932,1.1531433571051932,0.8600880243823996,1.0739392131260597,1.0248487977959073
Bermuda,Bermuda,CONCACAF,23.0,8.0,31.0,0.7419354838709677,0.25806451612903225,0.7320393201049163,0.719632502344404,0.4531196369113757,0.6508549886842677,0.633074277657669,2.02521851787272,2.02521851787272,1.8889781153440688,1.9900597043169392,1.8990928635286688
Bhutan,Bhutan,AFC,13.0,5.0,18.0,0.7222222222222222,0.2777777777777778,0.0611457884485642,0.06010947163706363,0.001217203588904,0.043750508290352624,0.042555287912999194,2.634459490951884,2.634459490951884,2.867315150197835,2.699141618520204,2.5757622116891925
Bolivia,Bolivia,CONMEBOL,33.0,9.0,42.0,0.7857142857142857,0.21428571428571427,1.575505136461757,1.5488030119009744,1.0647944947892196,1.4450869010913125,1.4056085640679294,0.7528555463864337,0.7528555463864337,0.7632810043508863,0.7550895730931021,0.7205739689494467
Bonaire,Bonaire,CONCACAF,18.0,2.0,20.0,0.9,0.1,0.0749004382665367,0.07363100360335188,0.0379684733972785,0.07006475058274454,0.06815065127503095,1.5955236452451511,1.5955236452451511,0.5705460925246817,1.4930258899731041,1.4247787674715378
Bosnia and Herzegovina,Bosnia and Herzegovina,UEFA,29.0,8.0,37.0,0.7837837837837838,0.21621621621621623,1.4078954085524618,1.384033982970474,2.0006942314718508,1.5173659285923933,1.4759130004179486,0.9037479172383176,0.9037479172383176,1.138791937165268,0.9545682458711716,0.9109343501366182
Botswana,Botswana,CAF,31.0,7.0,38.0,0.8157894736842105,0.18421052631578946,1.0113776888020414,0.9942365621884919,0.6354169541947935,0.9281382133475474,0.9027824003766154,0.9886252638570024,0.9886252638570024,1.5189496550405013,1.0863165990750154,1.0366604058968159
Brazil,Brazil,CONMEBOL,38.0,8.0,46.0,0.8260869565217391,0.17391304347826086,2.5471583554991484,2.503988366325186,1.9444572301940768,2.406678603519776,2.340930537472698,0.5498549941844474,0.5498549941844474,0.4700559858054171,0.535976905770703,0.5114770750632779
British Virgin Islands,British Virgin Islands,CONCACAF,16.0,6.0,22.0,0.7272727272727273,0.2727272727272727,0.1192317420814612,0.11721096743910854,0.1611818089267687,0.1292030151175613,0.1256733172347583,1.0829499730914942,1.0829499730914942,1.5548383268968995,1.2116467968566047,1.1562616840269853
Brunei,Brunei,AFC,23.0,5.0,28.0,0.8214285714285714,0.17857142857142858,0.0550789278191031,0.054145433946399535,0.0010633503373769,0.04466649044478834,0.04344624634590446,2.634459490951884,2.634459490951884,2.867315150197835,2.6760408586743756,2.5537174016414657
Bulgaria,Bulgaria,UEFA,32.0,8.0,40.0,0.8,0.2,1.3775168093804446,1.3541702492345005,0.999661069129962,1.2832684132135928,1.2482107963532854,0.9437726800425644,0.9437726800425644,1.227801375659599,1.0005784191659715,0.9548413703955219
Burkina Faso,Burkina Faso,CAF,40.0,12.0,52.0,0.7692307692307693,0.23076923076923078,1.478319398032221,1.453264405958042,1.3024265375710489,1.4184556670995052,1.3797048689044675,1.0465896013510154,1.0465896013510154,0.8631274192967208,1.0042521747231012,0.9583471963492656
Burundi,Burundi,CAF,22.0,6.0,28.0,0.7857142857142857,0.21428571428571427,0.7568970145904235,0.7440689013107251,0.1433743817077748,0.6153486471100929,0.5985379340248457,1.3854682979699338,1.3854682979699338,0.9371029101443856,1.2893900005787449,1.2304511985708455
Cambodia,Cambodia,AFC,29.0,2.0,31.0,0.9354838709677419,0.06451612903225806,0.1497661097889097,0.14722782969954842,0.2360599244993829,0.15295893258986032,0.14878024666657141,1.37987626768848,1.37987626768848,0.612822590969901,1.3303889337066361,1.2695760455021048
Cameroon,Cameroon,CAF,36.0,12.0,48.0,0.75,0.25,1.591466605329365,1.5644939610984065,1.3017092679631703,1.4987977878145975,1.4578521227805008,0.8442433373727791,0.8442433373727791,0.9317031889490158,0.8661083002668383,0.8265179625071901
Canada,Canada,CONCACAF,42.0,12.0,54.0,0.7777777777777778,0.2222222222222222,1.7724733696870527,1.7424329695622116,1.4742918510545444,1.6828460543382857,1.6368723736956436,0.7294157033690776,0.7294157033690776,0.4562775232035213,0.668718329998954,0.6381508079666979
Cape Verde,Cape Verde Islands,CAF,34.0,9.0,43.0,0.7906976744186046,0.20930232558139536,1.10345783214308,1.0847561041705347,1.3005077010912602,1.1299134151539423,1.099045304331678,0.9296389367540394,0.9296389367540394,0.6718009849066008,0.8756728538092268,0.8356453144835081
Cayman Islands,Cayman Islands,CONCACAF,16.0,4.0,20.0,0.8,0.2,0.160918240163552,0.15819095048768403,0.0102605395565028,0.12860486830144777,0.12509151119481413,2.634459490951884,2.634459490951884,1.431755105074524,2.393918613776412,2.284491136335869
Central African Republic,Central African Republic,CAF,22.0,5.0,27.0,0.8148148148148148,0.18518518518518517,1.0559734604573348,1.0380765115858535,0.664186890799274,0.9688376929216721,0.9423700106437176,1.1291427427582323,1.1291427427582323,1.8247103003492608,1.257951549719534,1.200449818442596
Chad,Chad,CAF,17.0,8.0,25.0,0.68,0.32,0.4271270082489737,0.41988793405391767,1.0626527058629949,0.6255726610328224,0.6084826380548147,1.1791234214405808,1.1791234214405808,1.1829880274893791,1.1803600953761961,1.1264051167210363
Chile,Chile,CONMEBOL,36.0,6.0,42.0,0.8571428571428571,0.14285714285714285,1.416421612980521,1.3924156827775074,0.9768479493439296,1.3330488637155677,1.2966312944533607,0.6425660038923019,0.6425660038923019,0.8811792838815778,0.6766536153193413,0.6457233665634682
China,China PR,AFC,33.0,3.0,36.0,0.9166666666666666,0.08333333333333333,0.8929436184637289,0.877809747317157,1.0938112083977352,0.8958098690738718,0.8713372343185062,1.2076060156059565,1.2076060156059565,0.953193712104796,1.186404990314193,1.1321736958308126
Colombia,Colombia,CONMEBOL,38.0,8.0,46.0,0.8260869565217391,0.17391304347826086,2.229271932801685,2.191489576240658,2.053368215200003,2.167468469972718,2.108255386883722,0.5453531481388241,0.5453531481388241,0.4587483876356528,0.5302914506600117,0.5060515055674459
Comoros,Comoros,CAF,32.0,14.0,46.0,0.6956521739130435,0.30434782608695654,1.228824813408103,1.2079983289545564,1.2491921492134317,1.2205355785985619,1.1871917603931963,1.049302877744246,1.049302877744246,1.029072744189509,1.0431458805754128,0.9954630472255389
Congo,Congo,CAF,19.0,3.0,22.0,0.8636363636363636,0.13636363636363635,1.1079415908063948,1.0891638707729177,1.1712500994194162,1.1003574474065312,1.0702967762302171,1.330639050115842,1.330639050115842,1.5338761496455209,1.3583532000517073,1.296262048205711
Costa Rica,Costa Rica,CONCACAF,46.0,12.0,58.0,0.7931034482758621,0.20689655172413793,1.3059256253527454,1.2837924136555754,1.0521006206999866,1.2358561806302812,1.2020938188134882,0.7972975202944752,0.7972975202944752,1.3730909543362262,0.9164271963031133,0.8745367511675689
Croatia,Croatia,UEFA,41.0,8.0,49.0,0.8367346938775511,0.16326530612244897,2.159922976005524,2.123315965966496,1.6779575623388132,2.050604389864017,1.9945839172242439,0.6584867789541109,0.6584867789541109,0.6516751406924638,0.6573746747481276,0.6273256781042911
Cuba,Cuba,CONCACAF,31.0,7.0,38.0,0.8157894736842105,0.18421052631578946,0.6662961294921006,0.655003546667508,0.1605410662395399,0.5639183529044614,0.5485126643103561,1.201131515475123,1.201131515475123,1.669641887793753,1.2874360577443442,1.2285865716531186
Curaçao,Curacao,CONCACAF,24.0,11.0,35.0,0.6857142857142857,0.3142857142857143,0.5544019548658093,0.5450057874316528,0.9185922596664864,0.6624186787054577,0.6443220591673737,1.3939913503302828,1.3939913503302828,0.6699716645593586,1.1664423062308495,1.1131235181917616
Cyprus,Cyprus,UEFA,32.0,8.0,40.0,0.8,0.2,0.9078863478715672,0.8924992229508932,1.4502085037376018,1.004041079108235,0.9766116753288346,1.0826970195997538,1.0826970195997538,1.2411530959972543,1.114388234879254,1.0634488701362361
Czech Republic,Czech Republic,UEFA,35.0,8.0,43.0,0.813953488372093,0.18604651162790697,1.9554426899984885,1.9223012720040833,1.5782443988870882,1.8582906909590609,1.807524037320657,0.8667178331393042,0.8667178331393042,0.5706029957576157,0.8116267006031762,0.7745267499368117
DR Congo,Congo DR,CAF,36.0,12.0,48.0,0.75,0.25,1.345664984760727,1.3228582587091318,1.8974027679584653,1.4664943860214652,1.4264312177991714,0.7843844615635419,0.7843844615635419,0.7601968445341055,0.7783375573061829,0.7427592736489571
Denmark,Denmark,UEFA,37.0,8.0,45.0,0.8222222222222222,0.17777777777777778,2.0904545165205555,2.0550248783702534,2.031902506377127,2.050914234460364,1.994885297174354,0.6549087121475059,0.6549087121475059,0.7175363244404542,0.6660425098884746,0.6355973012227171
Djibouti,Djibouti,CAF,13.0,5.0,18.0,0.7222222222222222,0.2777777777777778,0.6656230635802871,0.6543418880747816,0.3782574565016571,0.5776517681933581,0.5618708963512089,1.167916526203043,1.167916526203043,1.574673201158411,1.2809044914684231,1.222353567248598
Dominica,Dominica,CONCACAF,20.0,4.0,24.0,0.8333333333333334,0.16666666666666666,0.2614643892364595,0.2570330138457831,0.1564817345978651,0.24027446730446342,0.233710407806591,1.9940476592718352,1.9940476592718352,2.22909413368341,2.033222071673764,1.940282252792989
Dominican Republic,Dominican Republic,CONCACAF,27.0,9.0,36.0,0.75,0.25,0.7095988813805718,0.6975723907774573,0.9054775668175392,0.7495486847874777,0.7290717601325474,1.4406398245208858,1.4406398245208858,0.8695358254423189,1.297863824751244,1.238537679080893
East Timor,Timor-Leste,AFC,17.0,4.0,21.0,0.8095238095238095,0.19047619047619047,0.0273608121630663,0.026897093069072658,0.0011438828987231,0.02199171970329179,0.021390927791390384,2.634459490951884,2.634459490951884,2.867315150197835,2.678812949855875,2.556362778847193
Ecuador,Ecuador,CONMEBOL,40.0,8.0,48.0,0.8333333333333334,0.16666666666666666,1.8690198429832527,1.8373431448253572,1.373781445734,1.7600828616434645,1.711999148235941,0.5709074463846332,0.5709074463846332,0.2825338098062281,0.5228451736215657,0.4989456023863029
Egypt,Egypt,CAF,38.0,16.0,54.0,0.7037037037037037,0.2962962962962963,1.6780816527327005,1.6496410311965104,1.1716580837123052,1.5080164541641534,1.4668189443331943,0.6556523929414856,0.6556523929414856,0.9720059918591932,0.7493867926208063,0.7151318660448381
El Salvador,El Salvador,CONCACAF,39.0,12.0,51.0,0.7647058823529411,0.23529411764705882,0.873074428171297,0.8582773059072466,0.4211608434381326,0.7554263735615728,0.7347888762945961,0.985402059409132,0.985402059409132,1.3450533358570338,1.0700258891615795,1.0211143542525811
England,England,UEFA,42.0,8.0,50.0,0.84,0.16,2.277579200629801,2.2389781182817963,2.182717960789873,2.2299764930830883,2.1690557529658867,0.5203963035671281,0.5203963035671281,0.187611025061881,0.4671506590062885,0.4457969179452651
Equatorial Guinea,Equatorial Guinea,CAF,31.0,10.0,41.0,0.7560975609756098,0.24390243902439024,1.1221612719408618,1.103142552568138,0.944171488371003,1.0643691222761538,1.0352916163526222,0.839723588892193,0.839723588892193,1.7784019774810949,1.0686695373285107,1.0198200020876549
Estonia,Estonia,UEFA,36.0,8.0,44.0,0.8181818181818182,0.18181818181818182,1.0810043079505345,1.0626831289117518,1.4998396996135062,1.1421661417666162,1.1109632986384226,0.9292740780569017,0.9292740780569017,1.2281321930792233,0.9836119171518692,0.9386504175190172
Eswatini,Swaziland,CAF,33.0,4.0,37.0,0.8918918918918919,0.10810810810810811,0.8134872157781393,0.799699995120075,0.4859133420225343,0.7657771137041246,0.744856844510089,1.0551489320276533,1.0551489320276533,1.7394488724773496,1.129127303968161,1.0775142074027915
Ethiopia,Ethiopia,CAF,26.0,4.0,30.0,0.8666666666666667,0.13333333333333333,0.910206513126159,0.8947800653621658,0.9919362566459738,0.9077342242000069,0.8829358279211643,1.196676224077393,1.196676224077393,1.2126132115340444,1.1988011557382798,1.1440032249856098
Faroe Islands,Faroe Islands,UEFA,32.0,8.0,40.0,0.8,0.2,0.8555519343861507,0.8410517885018266,1.4764066660206183,0.968122764005585,0.9416746128746333,1.0475461361096357,1.0475461361096357,0.7534229475980129,0.9887214984073112,0.9435264367041604
Fiji,Fiji,OFC,29.0,4.0,33.0,0.8787878787878788,0.12121212121212122,0.3685041597143651,0.362258642802908,0.0012700906441164,0.3185024546624484,0.30980128434636345,2.384892949338388,2.384892949338388,0.8752908335843868,2.2019108747015395,2.1012601879234323
Finland,Finland,UEFA,34.0,8.0,42.0,0.8095238095238095,0.19047619047619047,1.413575313615515,1.3896176233315105,1.2295664388842962,1.359131683436803,1.322001557478734,0.9009066162339784,0.9009066162339784,1.150733825655809,0.9484927513619461,0.9051365701806454
France,France,UEFA,43.0,8.0,51.0,0.8431372549019608,0.1568627450980392,2.475536960683234,2.433580831979372,2.619111211542294,2.4626836366166933,2.395405568761464,0.5855879532586685,0.5855879532586685,0.6432854194299562,0.594638536187498,0.567457246635934
Gabon,Gabon,CAF,23.0,10.0,33.0,0.696969696969697,0.30303030303030304,1.4163125276125994,1.3923084462204938,1.4629334736932684,1.413709969697092,1.3750888192355726,1.0159789807883857,1.0159789807883857,1.0993524655463711,1.0412436731392902,0.9936477908495341
Gambia,Gambia,CAF,26.0,7.0,33.0,0.7878787878787878,0.21212121212121213,1.1595569501479357,1.1399044378192824,1.4007297236775826,1.1952310136074067,1.1625784909526384,1.107688001685526,1.107688001685526,1.24900932264381,1.1376652515857681,1.0856618802362277
Georgia,Georgia,UEFA,34.0,8.0,42.0,0.8095238095238095,0.19047619047619047,1.6972276363104477,1.6684625230119015,1.600563902840491,1.6555294525030615,1.6103020342566603,0.7966391579279252,0.7966391579279252,0.9742737962499824,0.8304743271321267,0.7925128399812151
Germany,Germany,UEFA,40.0,8.0,48.0,0.8333333333333334,0.16666666666666666,2.483323646597801,2.4412355468502436,1.8734222635494864,2.3465999996334506,2.282493221297394,0.744508560885613,0.744508560885613,0.6748767110918992,0.7329032525866608,0.6994017986621214
Ghana,Ghana,CAF,36.0,8.0,44.0,0.8181818181818182,0.18181818181818182,1.3438627246510453,1.3210865438340074,1.4558759689325915,1.34559371203375,1.3088334299911293,0.9326851835576666,0.9326851835576666,0.7445138330987576,0.8984722107469558,0.8574024989335824
Gibraltar,Gibraltar,UEFA,32.0,8.0,40.0,0.8,0.2,0.4150725125499567,0.40803774149439753,0.4965220680145103,0.42573460679842007,0.41410396072653827,0.9373843701270348,0.9373843701270348,1.222304896212176,0.994368475344063,0.9489152868868121
Greece,Greece,UEFA,32.0,8.0,40.0,0.8,0.2,1.7187016285469725,1.6895725677104292,1.9234824155124124,1.736354537270826,1.6889190580877464,0.6582295739141604,0.6582295739141604,0.9649222509883222,0.7195681093289927,0.6866762129222392
Grenada,Grenada,CONCACAF,28.0,6.0,34.0,0.8235294117647058,0.17647058823529413,0.4821563305702459,0.4739846032310573,0.3116392627236221,0.44533542549445104,0.4331693045484757,1.4072679037048064,1.4072679037048064,0.9085171673719884,1.3192530678813679,1.2589492068840953
Guadeloupe,Guadeloupe,CONCACAF,26.0,3.0,29.0,0.896551724137931,0.10344827586206896,0.6602369935911202,0.6490471027843537,2.185196963094948,0.8079591572992428,0.785886516623516,0.1591037736709782,0.1591037736709782,1.5394792276215925,0.30190123442449,0.28810114517787055
Guatemala,Guatemala,CONCACAF,45.0,14.0,59.0,0.7627118644067796,0.23728813559322035,0.951546439067467,0.9354193500765609,1.4715423982894924,1.0626349886355615,1.0336048575185244,0.8910824221338595,0.8910824221338595,1.360886526787673,1.002561362221205,0.95673367191633
Guinea,Guinea,CAF,32.0,6.0,38.0,0.8421052631578947,0.15789473684210525,1.2429547551544924,1.2218887922912491,1.2147992699695198,1.2207693940299233,1.1874191882194984,0.9717904898448192,0.9717904898448192,0.8608967455926857,0.954280951278693,0.9106601879548891
Guinea-Bissau,Guinea-Bissau,CAF,27.0,6.0,33.0,0.8181818181818182,0.18181818181818182,0.9725146136894764,0.9560321499063137,0.5728092478920201,0.8863552586309876,0.8621409144304717,1.0909890770563515,1.0909890770563515,1.3734069698701183,1.1423377848406728,1.0901208291510471
Guyana,Guyana,CONCACAF,31.0,4.0,35.0,0.8857142857142857,0.11428571428571428,0.6489125274523873,0.6379145670293579,0.2377917194617226,0.5921862415930567,0.5760083023919151,1.93851483832954,1.93851483832954,0.4873547240202178,1.7726679681227604,1.6916382359610118
Haiti,Haiti,CONCACAF,24.0,11.0,35.0,0.6857142857142857,0.3142857142857143,1.0046564882603777,0.9876292745309617,1.1160246681815404,1.0279821125354294,0.9998986635317499,1.421069821738626,1.421069821738626,0.9414832298049722,1.270342607130906,1.2122744730750499
Honduras,Honduras,CONCACAF,41.0,13.0,54.0,0.7592592592592593,0.24074074074074073,1.2605160814273813,1.2391524840399852,0.6742431388762331,1.1031557898338968,1.0730186707253713,0.9264465397650504,0.9264465397650504,0.7936244502375315,0.8944708515454626,0.8535840442975298
Hong Kong,Hong Kong,AFC,40.0,8.0,48.0,0.8333333333333334,0.16666666666666666,0.2824578965835465,0.27767071705413615,0.3578263828580704,0.2910299946881252,0.2830793446576429,1.0920994454676556,1.0920994454676556,1.5444931126854322,1.1674983900039517,1.114131327732569
Hungary,Hungary,UEFA,35.0,8.0,43.0,0.813953488372093,0.18604651162790697,1.8176536334561992,1.786847504929125,2.1581403012335887,1.8559252344741417,1.8052232027544994,0.7032336274440256,0.7032336274440256,1.0038130513741326,0.7591553807333479,0.7244539260468753
Iceland,Iceland,UEFA,38.0,8.0,46.0,0.8260869565217391,0.17391304347826086,1.668737663723261,1.6404554068617712,1.9776014987155748,1.6990895097928675,1.6526720741010474,0.910996964993715,0.910996964993715,0.8870555316734687,0.9068332374597591,0.8653813380244967
India,India,AFC,32.0,5.0,37.0,0.8648648648648649,0.13513513513513514,0.3221065661533629,0.3166474093075853,0.0591716763507423,0.28185339134044435,0.2741534369874442,0.9597820319289464,0.9597820319289464,2.243765453350884,1.1332933050940732,1.0814897780806512
Indonesia,Indonesia,AFC,47.0,6.0,53.0,0.8867924528301887,0.11320754716981132,0.6159608175993476,0.6055213324491838,0.7768250315802415,0.6249142040489262,0.6078421694608943,0.8015737404576714,0.8015737404576714,0.9385306875040452,0.8170783005006571,0.7797291538836184
Iran,Iran,AFC,41.0,5.0,46.0,0.8913043478260869,0.10869565217391304,1.601690465498914,1.5745445442779786,0.7772316677267567,1.487880101174585,1.4472326964820392,0.7910435372788178,0.7910435372788178,0.3472309248280538,0.7428030359254739,0.7088490568767553
Iraq,Iraq,AFC,42.0,12.0,54.0,0.7777777777777778,0.2222222222222222,1.0293433325224428,1.0118977188936913,1.1257585512324404,1.0372001260800798,1.008864850113519,1.0064686907347595,1.0064686907347595,1.0665098402089568,1.0198111683956923,0.9731949789475507
Israel,Israel,UEFA,30.0,8.0,38.0,0.7894736842105263,0.21052631578947367,1.892700752210266,1.8606227030359515,1.3934406217678343,1.7622685806637162,1.7141251555862198,1.0507932765962913,1.0507932765962913,0.9122076090947746,1.021617346595972,0.974918595642553
Italy,Italy,UEFA,37.0,8.0,45.0,0.8222222222222222,0.17777777777777778,2.3768336773198,2.336550400900538,2.005076974970129,2.277621791846243,2.2153994295492745,0.672151403622465,0.672151403622465,0.7354244118246982,0.6833999384139731,0.6521613111217553
Ivory Coast,Ivory Coast,CAF,36.0,13.0,49.0,0.7346938775510204,0.2653061224489796,1.4313566520082246,1.4070975983699339,1.3459068291077882,1.390863312647324,1.352866310135791,0.853504536798317,0.853504536798317,0.6085858592390448,0.7885261121397346,0.7524821034374783
Jamaica,Jamaica,CONCACAF,47.0,14.0,61.0,0.7704918032786885,0.22950819672131148,1.3404889644351534,1.317769963098803,0.9849297663077424,1.24138040973692,1.2074671314746859,0.9727896226937172,0.9727896226937172,1.1609125062192525,1.015965366453676,0.969524970953929
Japan,Japan,AFC,45.0,8.0,53.0,0.8490566037735849,0.1509433962264151,1.8364372632851065,1.8053127842736145,1.6216617258543626,1.7775918697952369,1.7290298276974185,0.7323385302136188,0.7323385302136188,0.6499971847613607,0.7199096478812025,0.687002139539272
Jordan,Jordan,AFC,41.0,14.0,55.0,0.7454545454545455,0.2545454545454545,1.1589071830215478,1.1392656831373118,1.6620490706105857,1.272337818130509,1.2375788142575799,0.8780891432625811,0.8780891432625811,0.9761135439695752,0.9030408088970887,0.861762263680553
Kazakhstan,Kazakhstan,UEFA,33.0,8.0,41.0,0.8048780487804879,0.1951219512195122,1.1482044721271984,1.1287443649358995,0.9859752744105664,1.1008869814187612,1.0708118438998457,1.0186253103365437,1.0186253103365437,1.2372235782985488,1.061278630914496,1.0127669385059865
Kenya,Kenya,CAF,21.0,7.0,28.0,0.75,0.25,1.1061166092747028,1.087369819565128,0.704229605683245,0.9915847660946573,0.9644956563991957,1.1503490327631558,1.1503490327631558,1.0694757982485483,1.130130724134504,1.0784717606223704
Kosovo,Kosovo,UEFA,31.0,8.0,39.0,0.7948717948717948,0.20512820512820512,1.3374830195144605,1.3148149638169642,1.99924913199684,1.4552117162641183,1.4154567793591712,0.9682801757423536,0.9682801757423536,0.6324019530511504,0.8993820787800555,0.8582707763448904
Kuwait,Kuwait,AFC,44.0,10.0,54.0,0.8148148148148148,0.18518518518518517,0.6729204521503159,0.6615155983564597,1.3444990752481714,0.787994020003073,0.7664668070232868,1.3655473534133191,1.3655473534133191,1.223239278007242,1.3391940061158976,1.2779786326903224
Kyrgyzstan,Kyrgyzstan,AFC,32.0,2.0,34.0,0.9411764705882353,0.058823529411764705,0.8509913433630346,0.8365684917170799,1.6923857667974072,0.8869106843688639,0.8626811664895506,1.3720013997088942,1.3720013997088942,1.6396937809604444,1.3877480103707502,1.3243132038472119
Laos,Laos,AFC,21.0,4.0,25.0,0.84,0.16,0.0792981826071638,0.07795421367909323,0.0044293552362195,0.06619023632823344,0.06438198489681433,2.634459490951884,2.634459490951884,2.857287815811058,2.670112022929352,2.5480595765882854
Latvia,Latvia,UEFA,32.0,8.0,40.0,0.8,0.2,0.9835849822889968,0.9669148946419462,0.9292996820914003,0.959391852131837,0.9331822208305323,1.1259742139175866,1.1259742139175866,0.9961869486258677,1.1000167608592428,1.0497343249441566
Lebanon,Lebanon,AFC,31.0,8.0,39.0,0.7948717948717948,0.20512820512820512,0.4156239335344188,0.40857981683378886,0.2649888048373511,0.379125250270417,0.36876792546666515,1.1831890031405128,1.1831890031405128,0.6952330153389017,1.0830954671812079,1.0335865139031513
Lesotho,Lesotho,CAF,35.0,6.0,41.0,0.8536585365853658,0.14634146341463414,0.7270399071291672,0.7147178208905776,0.6341831005700532,0.7029322520631838,0.6837288419910289,1.1674413445331004,1.1674413445331004,0.9825561461755647,1.1403849740417538,1.0882572825227705
Liberia,Liberia,CAF,25.0,5.0,30.0,0.8333333333333334,0.16666666666666666,0.9203876934756302,0.904788692071807,1.2305570895537312,0.9590834249854612,0.9328822196070699,1.1696517689927983,1.1696517689927983,1.4831625239615638,1.2219035614875926,1.1660496057015706
Libya,Libya,CAF,30.0,6.0,36.0,0.8333333333333334,0.16666666666666666,0.9539810473980512,0.9378126959489052,0.9534919951855656,0.9404259124883486,0.9147344117967984,1.2431879363853782,1.2431879363853782,0.3484069563104348,1.0940577730395542,1.0440477260860037
Liechtenstein,Liechtenstein,UEFA,31.0,8.0,39.0,0.7948717948717948,0.20512820512820512,0.1835163161191715,0.1804060276037338,0.2256030061753707,0.18967720269535163,0.18449541014847803,1.013933586667757,1.013933586667757,1.1046140517311025,1.032534707706392,0.9853369175292728
Lithuania,Lithuania,UEFA,32.0,8.0,40.0,0.8,0.2,0.8582230678200974,0.8436776507804967,0.9504661864452864,0.8650353579134545,0.8414034521982616,1.149999453049782,1.149999453049782,0.9359233540315696,1.1071842332461395,1.0565741678041307
Luxembourg,Luxembourg,UEFA,32.0,8.0,40.0,0.8,0.2,1.0909646368854904,1.0724746472616244,0.3344004428535241,0.9248598063800044,0.8995935562271055,0.9115205258742066,0.9115205258742066,1.0540278533770795,0.9400219913747812,0.8970530137901548
Madagascar,Madagascar,CAF,27.0,6.0,33.0,0.8181818181818182,0.18181818181818182,0.8674144706835567,0.852713275044148,1.8784863028958487,1.0392174619262753,1.0108270743506025,1.3361546964982327,1.3361546964982327,0.9261286439768106,1.2616045051307017,1.2039357950377145
Malawi,Malawi,CAF,28.0,6.0,34.0,0.8235294117647058,0.17647058823529413,0.9026540569833802,0.8873556104680006,0.8227324377313625,0.875951521161535,0.8520213967223439,1.1466842172319722,1.1466842172319722,0.98133587248496,1.1175050975707348,1.0664232591362997
Malaysia,Malaysia,AFC,43.0,8.0,51.0,0.8431372549019608,0.1568627450980392,0.4110180739043958,0.4040520186678031,0.3121118257709884,0.38963002762516546,0.3789857227509049,1.5080779642442537,1.5080779642442537,0.6828767660783357,1.3786346390417568,1.3156164102705996
Maldives,Maldives,AFC,18.0,7.0,25.0,0.72,0.28,0.0600973670063052,0.05907881914984991,0.0022233760843623,0.043159295091513374,0.04198022607080073,1.6672464861001417,1.6672464861001417,1.4460690213047074,1.6053167959574202,1.5319367877718275
Mali,Mali,CAF,31.0,11.0,42.0,0.7380952380952381,0.2619047619047619,1.3576409892756582,1.3346312903762458,1.3465236308747428,1.337745950982995,1.3012000619678155,0.5756618348524686,0.5756618348524686,1.1297988906870766,0.7207929685234374,0.6878450830571158
Malta,Malta,UEFA,31.0,8.0,39.0,0.7948717948717948,0.20512820512820512,0.8021755377095267,0.7885800306992247,1.2505732593594694,0.883347872475685,0.8592156870741374,0.8611724266854569,0.8611724266854569,1.0092897154729736,0.8915554602828962,0.8508019173446935
Martinique,Martinique,CONCACAF,20.0,2.0,22.0,0.9090909090909091,0.09090909090909091,0.9758394076942022,0.9593005943241047,0.0018230007667917,0.8722571767279853,0.8484279781047559,1.1179464574211715,1.1179464574211715,1.5403504713603018,1.1563468223247286,1.1034895050019093
Mauritania,Mauritania,CAF,31.0,9.0,40.0,0.775,0.225,0.9974144050420876,0.9805099322696504,0.4241347713148091,0.8553255210548111,0.8319588784263281,0.9433714721586708,0.9433714721586708,0.9018817164802454,0.934036277131025,0.8913409101890516
Mauritius,Mauritius,CAF,28.0,4.0,32.0,0.875,0.125,0.4282908595782812,0.4210320600884952,0.4859133420225343,0.42914222033025007,0.4174184816454926,1.2769029142378818,1.2769029142378818,1.3053114247215445,1.2804539780483397,1.2219236470712544
Mexico,Mexico,CONCACAF,55.0,16.0,71.0,0.7746478873239436,0.22535211267605634,1.7821051101201868,1.7519014684248608,1.7808609189144122,1.758427541774619,1.7103890500597245,0.5803333198091827,0.5803333198091827,0.577357614883974,0.5796627384175864,0.5531660017005218
Moldova,Moldova,UEFA,31.0,8.0,39.0,0.7948717948717948,0.20512820512820512,0.9692350972904442,0.9528082157160344,1.2687904689735776,1.0176250881791202,0.98982458278097,1.0298782043254295,1.0298782043254295,1.235934305946591,1.0721461226066935,1.023137670535955
Montenegro,Montenegro,UEFA,32.0,8.0,40.0,0.8,0.2,1.391657449078694,1.3680712292110178,0.9413902654692946,1.282735036462673,1.2476919909247666,0.8813942024590424,0.8813942024590424,1.50132404306514,1.005380170580262,0.9594236308289835
Montserrat,Montserrat,CONCACAF,19.0,2.0,21.0,0.9047619047619048,0.09523809523809523,0.5746567658600381,0.5649173139302578,0.0417356661961786,0.515090490336536,0.5010187303893047,1.4358663908695604,1.4358663908695604,2.759289230192666,1.5619066612812849,1.4905109567832224
Morocco,Morocco,CAF,41.0,21.0,62.0,0.6612903225806451,0.3387096774193548,1.794542542001677,1.7641281070517751,1.6524248600422242,1.7262931362904756,1.6791325245762865,0.5358776070019523,0.5358776070019523,0.2420586545790561,0.43635828440710034,0.416412081537811
Mozambique,Mozambique,CAF,36.0,11.0,47.0,0.7659574468085106,0.23404255319148937,1.099651649517291,1.081014429847653,1.0003389308700377,1.0621329300869344,1.033116514710157,1.1048571961186973,1.1048571961186973,1.242320022596673,1.1370293469965214,1.0850550432329438
Myanmar,Myanmar,AFC,34.0,4.0,38.0,0.8947368421052632,0.10526315789473684,0.2267224260055469,0.22287986762867049,0.2158985105565302,0.22214498793686624,0.21607620778585662,1.7562100111862171,1.7562100111862171,1.4779566718462969,1.7269201859925414,1.6479816128067917
Namibia,Namibia,CAF,28.0,6.0,34.0,0.8235294117647058,0.17647058823529413,1.1999492018163844,1.1796121097231969,0.7741885257784584,1.1080667713800079,1.0777954891395305,0.941965638447148,0.941965638447148,1.5084118861117906,1.0419267409762025,0.9942996352397161
Nepal,Nepal,AFC,30.0,7.0,37.0,0.8108108108108109,0.1891891891891892,0.1188238656960652,0.11681000386268803,0.0656472968479694,0.10713057280584937,0.10420387209633256,1.2107912330658377,1.2107912330658377,1.5733049856772552,1.279374915992322,1.2208939095988347
Netherlands,Netherlands,UEFA,41.0,8.0,49.0,0.8367346938775511,0.16326530612244897,2.593979935529643,2.5500164004425807,2.07461493855989,2.4723998352372436,2.4048563304982955,0.6382917735498188,0.6382917735498188,0.6097655574845476,0.6336344321514072,0.6046706164515826
New Caledonia,New Caledonia,OFC,18.0,1.0,19.0,0.9473684210526315,0.05263157894736842,0.4468906073519531,0.43931657386491896,0.4818318851456142,0.4415542218270608,0.42949139960493554,1.83976394057828,1.83976394057828,0.0050592430148518,1.7432005354433626,1.6635177775714662
New Zealand,New Zealand,OFC,32.0,8.0,40.0,0.8,0.2,1.0025855949579126,0.9855934793374362,1.7072764661805162,1.1299300767060523,1.099061510706754,0.7244515377942826,0.7244515377942826,0.9421298162229456,0.7679871934800152,0.7328820312553943
Nicaragua,Nicaragua,CONCACAF,33.0,9.0,42.0,0.7857142857142857,0.21428571428571427,0.7767387797889121,0.7635743824352529,0.6606797211867874,0.7415255264534388,0.7212677865052994,1.1976406713364751,1.1976406713364751,1.296195312170572,1.2187595229437815,1.1630492830739334
Niger,Niger,CAF,26.0,8.0,34.0,0.7647058823529411,0.23529411764705882,0.9773616191455424,0.9607970068879385,1.561167442318259,1.1020606387538963,1.0719534380837672,1.232351216389704,1.232351216389704,0.9500528905562904,1.165928080899489,1.1126327984133981
Nigeria,Nigeria,CAF,35.0,15.0,50.0,0.7,0.3,1.5070392901147402,1.4814975448602563,1.8637661604869973,1.5961781295482786,1.5525721304211173,0.9242564254771756,0.9242564254771756,0.9379211059548708,0.9283558296204842,0.8859201193929181
North Korea,North Korea,AFC,16.0,2.0,18.0,0.8888888888888888,0.1111111111111111,1.0231032934217843,1.0057634378115081,0.9451257327042076,0.999025915021808,0.9717335205377531,1.2242311024859798,1.2242311024859798,1.7826581119847489,1.286278547985843,1.2274819723704609
North Macedonia,North Macedonia,UEFA,33.0,8.0,41.0,0.8048780487804879,0.1951219512195122,1.4144527884526934,1.3904802264669986,1.54636337979052,1.4208964515057345,1.3820789735080372,0.8493809292041213,0.8493809292041213,0.7712346238997934,0.8341328696325451,0.7960041482763327
Northern Ireland,Northern Ireland,UEFA,30.0,8.0,38.0,0.7894736842105263,0.21052631578947367,1.1515909935298816,1.1320734905775471,1.9031332856820509,1.2944018684942848,1.2590400967077415,0.8361843077618732,0.8361843077618732,0.7921205635183984,0.8269077300264048,0.789109274200819
Norway,Norway,UEFA,32.0,8.0,40.0,0.8,0.2,1.8906866065946133,1.8586426937527474,2.1832127851978806,1.923556712041774,1.8710070556133422,0.7767955500200032,0.7767955500200032,0.6887103339400785,0.7591785068040183,0.7244759950107744
Oman,Oman,AFC,49.0,11.0,60.0,0.8166666666666667,0.18333333333333332,1.110613993425677,1.0917909807263968,0.9352511153663232,1.0630920054103834,1.0340493890495537,0.9963580547958742,0.9963580547958742,0.940384885650084,0.9860963071191461,0.941021244508199
Pakistan,Pakistan,AFC,17.0,4.0,21.0,0.8095238095238095,0.19047619047619047,0.0431335088574921,0.04240246945964985,0.0776260436529116,0.04911172168693781,0.04777003829122553,0.8572632990344015,0.8572632990344015,1.484726346319275,0.9767800699458059,0.9321308582085058
Palestine,Palestine,AFC,28.0,8.0,36.0,0.7777777777777778,0.2222222222222222,0.8555242988358477,0.8410246213269603,1.0497749915570092,0.8874135924891934,0.8631703356601663,0.89565531944367,0.89565531944367,0.8615438307342298,0.88807498861935,0.8474805401600711
Panama,Panama,CONCACAF,50.0,14.0,64.0,0.78125,0.21875,1.6638785290890503,1.6356786262708813,1.4213345403832038,1.5887908574829521,1.5453866712820985,0.8963527265240251,0.8963527265240251,1.012049444063946,0.9216613834858828,0.8795316804672316
Papua New Guinea,Papua New Guinea,OFC,25.0,3.0,28.0,0.8928571428571429,0.10714285714285714,0.3950361653903431,0.3883409762410674,0.0403454257675815,0.35105573869033674,0.3414652450282991,1.6032084872081622,1.6032084872081622,0.3174111508440385,1.4654444868834346,1.3984581271108116
Paraguay,Paraguay,CONMEBOL,33.0,8.0,41.0,0.8048780487804879,0.1951219512195122,1.4200244232900556,1.395957431597982,1.821279519981574,1.4789471073801463,1.4385437431943535,0.6366178401273238,0.6366178401273238,0.6883964401621218,0.6467209815975283,0.617158971754407
Peru,Peru,CONMEBOL,35.0,6.0,41.0,0.8536585365853658,0.14634146341463414,1.498493646219672,1.4730967350520199,0.7459782063884647,1.3666891454914996,1.3293525571858642,0.6438774626995604,0.6438774626995604,0.8000872741633538,0.666737435108896,0.6362604609881882
Philippines,Philippines,AFC,36.0,4.0,40.0,0.9,0.1,0.2327266540764475,0.22878233427580283,0.1244826875463748,0.21835236960286003,0.2123872000130408,2.1159062775926203,2.1159062775926203,2.867315150197835,2.191047164853142,2.090893064866881
Poland,Poland,UEFA,38.0,8.0,46.0,0.8260869565217391,0.17391304347826086,2.1743989995567694,2.1375466456118,2.123000227093653,2.1350168336956004,2.0766902970370933,0.8209404038390749,0.8209404038390749,0.9477577838470472,0.8429956003622006,0.8044617581880122
Portugal,Portugal,UEFA,42.0,8.0,50.0,0.84,0.16,2.105198958591932,2.0695194272996416,2.2828001236543445,2.103644338716394,2.0461748674213043,0.5674736599351335,0.5674736599351335,0.9678553375009054,0.631534728345657,0.6026668913852571
Puerto Rico,Puerto Rico,CONCACAF,24.0,4.0,28.0,0.8571428571428571,0.14285714285714285,0.4153621925200083,0.4083225118830939,0.2761758733198696,0.38944442065977614,0.378805186383227,1.8935888211852208,1.8935888211852208,0.811397681814399,1.738990086989389,1.659499791279974
Qatar,Qatar,AFC,48.0,10.0,58.0,0.8275862068965517,0.1724137931034483,1.5109911477941322,1.4853824252930754,0.8913125022099688,1.3829565764856435,1.3451755781429324,0.998857612600948,0.998857612600948,1.453381464485325,1.0772237939603233,1.0279832384403271
Republic of Ireland,Rep of Ireland,UEFA,32.0,8.0,40.0,0.8,0.2,1.4579368988120565,1.43322735533112,1.8731533178487656,1.521212547834649,1.4796545338479035,0.8307319166232231,0.8307319166232231,0.7828083529864158,0.8211472038958616,0.7836120652271616
Romania,Romania,UEFA,36.0,8.0,44.0,0.8181818181818182,0.18181818181818182,1.328787334176065,1.3062666555119236,1.861481483320904,1.4072148060226473,1.3687710969733835,0.7717784709777822,0.7717784709777822,1.1320490713514717,0.8372822165002712,0.7990095365811665
Rwanda,Rwanda,CAF,22.0,6.0,28.0,0.7857142857142857,0.21428571428571427,0.9276591407336922,0.9119369007025053,0.3837984215067906,0.7987643694462808,0.7769429212306362,1.03427685229685,1.03427685229685,1.1986728111167078,1.069504557758248,1.0206168532251232
Saint Kitts and Nevis,St. Kitts and Nevis,CONCACAF,29.0,6.0,35.0,0.8285714285714286,0.17142857142857143,0.1623347203855775,0.1595834237861832,0.2456857306528573,0.1743438192490416,0.16958091948913123,2.634459490951884,2.634459490951884,1.9051943363843007,2.509442607311727,2.3947344577866447
Saint Lucia,St. Lucia,CONCACAF,24.0,4.0,28.0,0.8571428571428571,0.14285714285714285,0.2413191383654255,0.23722919061317282,0.0064540741412658,0.2042613168314718,0.19868110079005374,2.5129301756804323,2.5129301756804323,2.867315150197835,2.56355660061149,2.4463748675038457
Saint Martin,St. Martin,CONCACAF,14.0,4.0,18.0,0.7777777777777778,0.2222222222222222,0.2067126859438007,0.20320925852828542,0.0319443130649261,0.16515038175865002,0.16063863756825936,0.8546033934070294,0.8546033934070294,2.867315150197835,1.3018726726938752,1.2423632801431665
Saint Vincent and the Grenadines,St. Vincent and the Grenadines,CONCACAF,30.0,7.0,37.0,0.8108108108108109,0.1891891891891892,0.6043721734995621,0.5941290960989395,0.1732915414142057,0.5145111803477737,0.5004552465733213,1.7620276600840652,1.7620276600840652,1.1797239718456871,1.651862097444372,1.5763544751873921
San Marino,San Marino,UEFA,32.0,8.0,40.0,0.8,0.2,0.3546076898098789,0.3485976943586552,0.4335715693894972,0.3655924693648236,0.35560484667729125,0.6140743054943587,0.6140743054943587,1.276147927191336,0.7464890298337542,0.7123665617591668
Saudi Arabia,Saudi Arabia,AFC,51.0,18.0,69.0,0.7391304347826086,0.2608695652173913,1.1373819800856646,1.1181052956734243,1.35312454527604,1.1794146651349762,1.1471942293913842,0.8216283867456727,0.8216283867456727,1.0582376314040611,0.8833525375261219,0.842973955181712
Scotland,Scotland,UEFA,35.0,8.0,43.0,0.813953488372093,0.18604651162790697,1.9880921092564985,1.9543973392991651,1.9768129204599216,1.9585676799802363,1.90506155872554,0.6797832521124006,0.6797832521124006,0.903033783216823,0.721318234643456,0.6883463389429653
Senegal,Senegal,CAF,42.0,15.0,57.0,0.7368421052631579,0.2631578947368421,1.6335863708066232,1.6058998683988706,1.917629443039,1.6879339669883782,1.6418212896319786,0.741906048857671,0.741906048857671,0.6678345605249693,0.7224135519280127,0.68939158860753
Serbia,Serbia,UEFA,37.0,8.0,45.0,0.8222222222222222,0.17777777777777778,1.976327826295244,1.9428324408665483,1.0725796675926735,1.7881208367289705,1.7392711537254018,0.7620894327111353,0.7620894327111353,0.9722279320696388,0.7994473881526469,0.7629041612741138
Seychelles,Seychelles,CAF,20.0,4.0,24.0,0.8333333333333334,0.16666666666666666,0.25293133986847,0.2486445851088752,0.0034276421010776,0.2077750946075756,0.2020988856517068,1.1508850104602315,1.1508850104602315,1.6357529139778229,1.2316963277131634,1.1753947386203687
Sierra Leone,Sierra Leone,CAF,27.0,4.0,31.0,0.8709677419354839,0.12903225806451613,1.0421353713868955,1.0244729545200968,1.1615898171921968,1.0421654529294002,1.0136945291712491,1.0969175880797808,1.0969175880797808,1.5670074017462012,1.1575743382302865,1.1046609104080167
Singapore,Singapore,AFC,37.0,8.0,45.0,0.8222222222222222,0.17777777777777778,0.2796536402568487,0.2749139880886655,0.238042510101084,0.268359058668651,0.26102775606435913,1.8679347675794435,1.8679347675794435,0.5731019423545111,1.6377422653172333,1.5628800691840425
Sint Maarten,Sint Maarten,CONCACAF,19.0,2.0,21.0,0.9047619047619048,0.09523809523809523,0.1662108381220767,0.1633938479389441,0.0006811211656144,0.14789739777005556,0.14385698794443313,2.634459490951884,2.634459490951884,2.867315150197835,2.6566362204038794,2.535199761201375
Slovakia,Slovakia,UEFA,36.0,8.0,44.0,0.8181818181818182,0.18181818181818182,1.5913251775803523,1.5643549303084918,1.5371314470105173,1.5594052060724963,1.516803806644644,0.7728739415128537,0.7728739415128537,0.6401268996402869,0.7487381157178415,0.7145128405580732
Slovenia,Slovenia,UEFA,37.0,8.0,45.0,0.8222222222222222,0.17777777777777778,1.753771737006107,1.7240482976538964,1.168187153746649,1.6252285387370524,1.5808289113209932,0.7542241087363268,0.7542241087363268,0.794372629960509,0.7613616236206258,0.7265593202284425
Solomon Islands,Solomon Islands,OFC,28.0,2.0,30.0,0.9333333333333333,0.06666666666666667,0.4123861178030378,0.4053968765559772,0.0058994849117028,0.37876371711302564,0.3684162690355951,2.012850081951031,2.012850081951031,0.5154012049834891,1.9130201568198617,1.8255748406553824
Somalia,Somalia,CAF,12.0,6.0,18.0,0.6666666666666666,0.3333333333333333,0.5701889971948505,0.5605252663228095,0.2855297024013674,0.4688600783489954,0.4560512872819025,0.9470367994505156,0.9470367994505156,1.1390096661786566,1.0110277550265627,0.9648130607515528
South Africa,South Africa,CAF,44.0,11.0,55.0,0.8,0.2,1.2738356790069327,1.25224633716118,1.413376451420174,1.284472360012979,1.249381852523417,0.7668097122724719,0.7668097122724719,0.9010190474681468,0.7936515793116069,0.7573732823841393
South Korea,South Korea,AFC,47.0,8.0,55.0,0.8545454545454545,0.14545454545454545,1.6810394035460048,1.652548653178871,2.046609615157021,1.7098666112847836,1.6631547558978492,0.7411668813396,0.7411668813396,0.3455487840288864,0.683622430821678,0.6523736332660333
South Sudan,South Sudan,CAF,25.0,5.0,30.0,0.8333333333333334,0.16666666666666666,0.7426802445819575,0.730093081302886,0.4113003846937309,0.6769609652013602,0.6584670648582657,1.179313545313753,1.179313545313753,0.9891326137405922,1.1476167233848928,1.0951584642001804
Spain,Spain,UEFA,42.0,8.0,50.0,0.84,0.16,2.5433767584318074,2.5002708608774746,2.745318956935567,2.5394785562467694,2.4701025275584922,0.5643713682380692,0.5643713682380692,0.4607948127050478,0.5477991193527858,0.5227588880642358
Sri Lanka,Sri Lanka,AFC,17.0,7.0,24.0,0.7083333333333334,0.2916666666666667,0.0532173485116455,0.052315405232714766,0.1286566638987417,0.07458160567697263,0.07254411038002057,1.866781250552202,1.866781250552202,0.4663340098397795,1.4583174720110785,1.3916568924277548
Sudan,Sudan,CAF,27.0,13.0,40.0,0.675,0.325,0.818990782586284,0.8051102858588253,0.6348487300471815,0.749775280220041,0.7292921652032384,0.8707765808719493,0.8707765808719493,1.2071559938507894,0.9800998900900723,0.9352989273526117
Suriname,Suriname,CONCACAF,24.0,11.0,35.0,0.6857142857142857,0.3142857142857143,0.7414516227816935,0.7288852825463491,1.2096914850954668,0.8799958033475004,0.8559551931409588,1.136159935328432,1.136159935328432,0.9623706718713504,1.0815404525276349,1.0321025799162076
Sweden,Sweden,UEFA,35.0,8.0,43.0,0.813953488372093,0.18604651162790697,1.9551565001035256,1.9220199325396563,1.6791887938014338,1.8768420462627775,1.8255685880464845,0.8083232066457398,0.8083232066457398,1.096959094982763,0.8620229068014649,0.8226193148646259
Switzerland,Switzerland,UEFA,40.0,8.0,48.0,0.8333333333333334,0.16666666666666666,2.1406762913867854,2.1043954798209823,2.371166580053868,2.148857329859797,2.0901526846102225,0.7883227665897747,0.7883227665897747,0.4669278403808025,0.734756945554946,0.701170758196153
Syria,Syria,AFC,36.0,11.0,47.0,0.7659574468085106,0.23404255319148937,0.8323862938003239,0.8182787660078977,0.9948109348995928,0.8595948055357412,0.8361115303009703,1.1188553106963666,1.1188553106963666,0.7796327873001632,1.0394628052206594,0.9919483274877955
São Tomé and Príncipe,Sao Tome and Principe,CAF,16.0,4.0,20.0,0.8,0.2,0.559491308927728,0.5500088856236602,0.8842710047298239,0.6168613094448929,0.600009271928976,1.542378077776225,1.542378077776225,1.240547006720003,1.4820118635649806,1.4142681989167298
Taiwan,Chinese Taipei,AFC,18.0,5.0,23.0,0.782608695652174,0.21739130434782608,0.3069470982168653,0.30174486849353716,0.1792313966596042,0.2751115050513778,0.2675957323271033,0.6944889916302945,0.6944889916302945,2.867315150197835,1.1668425043623685,1.113505423023017
Tajikistan,Tajikistan,AFC,35.0,5.0,40.0,0.875,0.125,0.562366394460305,0.5528352433607912,0.1569011629372749,0.5033434833078516,0.4895926399104445,0.9137217659977676,0.9137217659977676,1.575197154424329,0.9964061895510877,0.9508598559367141
Tanzania,Tanzania,CAF,31.0,10.0,41.0,0.7560975609756098,0.24390243902439024,0.8800615558185533,0.865146013659549,0.9910903046413456,0.8958641334112066,0.87139001620811,0.9593109439268812,0.9593109439268812,1.4102391413973108,1.069293431114791,1.020415377309089
Thailand,Thailand,AFC,54.0,8.0,62.0,0.8709677419354839,0.12903225806451613,0.6000992207511772,0.5899285626108218,0.4336209580566559,0.5697598394425424,0.5541945672454761,1.4777715543629089,1.4777715543629089,1.0293665630760955,1.4199128458097716,1.3550077650738488
Togo,Togo,CAF,25.0,4.0,29.0,0.8620689655172413,0.13793103448275862,1.2638927794161905,1.2424719527578676,0.437273413699941,1.131410085301602,1.1005010869393168,1.1481723105349944,1.1481723105349944,0.950962638356767,1.1209709764414457,1.0697307105735323
Trinidad and Tobago,Trinidad and Tobago,CONCACAF,39.0,13.0,52.0,0.75,0.25,0.8623795691046257,0.8477637064584269,0.8750760913534239,0.8545918026821762,0.8312452045099631,1.1316270827023136,1.1316270827023136,1.5876110960824488,1.2456230860473476,1.188684896351398
Tunisia,Tunisia,CAF,39.0,16.0,55.0,0.7090909090909091,0.2909090909090909,1.248069998719553,1.2269173412034826,1.7395065425116285,1.3760341997658523,1.3384423138709396,0.5716136459104941,0.5716136459104941,0.975881182491708,0.6892187474613926,0.6577141388646714
Turkey,Turkey,UEFA,37.0,8.0,45.0,0.8222222222222222,0.17777777777777778,1.965782123571989,1.9324654698155554,2.1007224130027704,1.9623778152710603,1.9087676049093336,0.8426660690531879,0.8426660690531879,1.0206328183290077,0.8743046022577781,0.8343396065435746
Turkmenistan,Turkmenistan,AFC,18.0,4.0,22.0,0.8181818181818182,0.18181818181818182,0.4747119260162416,0.4666663686355518,0.4057776488198792,0.45559569230542946,0.4431492710738396,1.5427169221231212,1.5427169221231212,1.0387128419922322,1.4510798166447778,1.3847500746950983
Turks and Caicos Islands,Turks and Caicos Islands,CONCACAF,18.0,1.0,19.0,0.9473684210526315,0.05263157894736842,0.0056168404616963,0.005521644597096909,0.0003806265337257,0.00525106469902474,0.005107610833542231,2.628482651877859,2.628482651877859,2.867315150197835,2.6410527833683837,2.5203286525611865
Uganda,Uganda,CAF,28.0,11.0,39.0,0.717948717948718,0.28205128205128205,1.1196423376804,1.1006663099465839,1.486828488335565,1.2095838474409117,1.1765392196394622,0.9908551100755354,0.9908551100755354,1.081447004628591,1.0164066700776793,0.9699461023205788
Ukraine,Ukraine,UEFA,33.0,8.0,41.0,0.8048780487804879,0.1951219512195122,1.9800332974380408,1.9464751105942806,1.8788341718698025,1.9332768786480412,1.880461676934467,0.7960698433061923,0.7960698433061923,1.175952788812535,0.8701933448684055,0.8304162772327252
United Arab Emirates,United Arab Emirates,AFC,41.0,13.0,54.0,0.7592592592592593,0.24074074074074073,1.1583020612310866,1.1386708171289799,1.5366530600793218,1.2344813570985067,1.200756554093363,1.0862746465027686,1.0862746465027686,1.379907326304959,1.1569639953440367,1.1040784666667218
United States,USA,CONCACAF,52.0,14.0,66.0,0.7878787878787878,0.21212121212121213,1.9778268625542312,1.9443060710180071,2.088127439603805,1.9748136340513582,1.9208636894877649,0.6168373052624295,0.6168373052624295,1.0556645942102032,0.7099218817058968,0.6774709202371725
United States Virgin Islands,US Virgin Islands,CONCACAF,16.0,1.0,17.0,0.9411764705882353,0.058823529411764705,0.0223673391208588,0.021988250877046568,0.0003565869631746,0.02071580005858351,0.020149865002495073,2.634459490951884,2.634459490951884,2.867315150197835,2.648156882672234,2.527108019160327
Uruguay,Uruguay,CONMEBOL,41.0,8.0,49.0,0.8367346938775511,0.16326530612244897,1.7966466305743647,1.7661965349123177,1.3413734797120822,1.6968376687571773,1.6504817511230345,0.4986053765904857,0.4986053765904857,0.4953206723321633,0.49806909834422897,0.47530205659550506
Uzbekistan,Uzbekistan,AFC,41.0,7.0,48.0,0.8541666666666666,0.14583333333333334,1.2425705139982373,1.2215110633671526,1.327523682639362,1.2369712370110166,1.2031784129628065,0.7950222686938304,0.7950222686938304,0.4504623803438514,0.7447739516427919,0.7107298808365871
Vanuatu,Vanuatu,OFC,23.0,3.0,26.0,0.8846153846153846,0.11538461538461539,0.2706005582758211,0.266014340404437,0.0360845291839944,0.23948397757130901,0.23294151346681774,2.075414944633703,2.075414944633703,0.2327056130329961,1.8627946371413135,1.777645160062564
Venezuela,Venezuela,CONMEBOL,35.0,7.0,42.0,0.8333333333333334,0.16666666666666666,1.9070144234707755,1.8746937819849065,1.1873379434126623,1.760134475556199,1.7120493521079085,0.7246119198555324,0.7246119198555324,0.8004411945530979,0.7372501323051266,0.7035499798619359
Vietnam,Vietnam,AFC,45.0,4.0,49.0,0.9183673469387755,0.08163265306122448,0.5891177543539158,0.5791332133367697,0.1722460000434675,0.5459179306189491,0.5310039956605691,1.31934119246365,1.31934119246365,1.934709796037135,1.3695753641839348,1.3069712403825235
Wales,Wales,UEFA,34.0,8.0,42.0,0.8095238095238095,0.19047619047619047,1.6857229660954978,1.6571528373323876,1.581669250550994,1.6427750112787889,1.597896031682559,0.7917233968222195,0.7917233968222195,0.8883622888544732,0.810130804828363,0.7730992324686834
Yemen,Yemen,AFC,20.0,5.0,25.0,0.8,0.2,0.2550540425406921,0.25073131159171685,0.1540077458337787,0.23138659844012924,0.22506534668079548,1.383462555039782,1.383462555039782,1.6687714557179902,1.4405243351754238,1.3746770907107106
Zambia,Zambia,CAF,36.0,8.0,44.0,0.8181818181818182,0.18181818181818182,1.349997241220487,1.3271170908118772,1.0280120581612808,1.2727343576026777,1.2379645206657208,1.1612889785289,1.1612889785289,1.1322081306614364,1.1560015516439066,1.1031600168541356
Zimbabwe,Zimbabwe,CAF,12.0,11.0,23.0,0.5217391304347826,0.4782608695652174,1.089216112225549,1.0707557571120296,0.9769629558590186,1.025898330425807,0.9978718082770764,1.093306445150681,1.093306445150681,1.3437087391535767,1.2130640640216312,1.1576141670469553
