team,name,confed,prior_matches,stage2_matches,stage1_matches,new_matches,total_matches,prior_weight,new_weight,prior_off,prior_xG_scaled,new_xG,pooled_xG_pre_normalization,xG,prior_def,prior_xGA_scaled,new_xGA,pooled_xGA_pre_normalization,xGA
Afghanistan,Afghanistan,AFC,28.0,3.0,25.0,3.0,31.0,0.9032258064516129,0.0967741935483871,0.1147330505876816,0.1147330505876816,0.0184868576210016,0.1054189028812287,0.10434318550292544,0.8533603436362759,0.8533603436362759,1.8362249030634823,0.9484762687421345,0.9411108994195614
Albania,Albania,UEFA,52.0,8.0,44.0,4.0,56.0,0.9285714285714286,0.07142857142857142,1.3299662856261114,1.3299662856261114,0.5143359178569397,1.2717069736425992,1.258730199513219,0.6024358055056261,0.6024358055056261,1.3223246616504376,0.6538564380873984,0.6487789318711988
Algeria,Algeria,CAF,75.0,18.0,57.0,8.0,83.0,0.9036144578313253,0.0963855421686747,1.6133623445834675,1.6133623445834675,1.5506277249203315,1.6073156342544905,1.590914236469749,0.753841058271209,0.753841058271209,0.6597804299166717,0.7447749736105306,0.7389914417250928
Andorra,Andorra,UEFA,49.0,8.0,41.0,5.0,54.0,0.9074074074074074,0.09259259259259259,0.6504691590162619,0.6504691590162619,0.1026981278596633,0.5997496190943545,0.593629643736449,1.0883964594618816,1.0883964594618816,0.9250203811200288,1.0732690448005988,1.0649346002204245
Angola,Angola,CAF,55.0,9.0,46.0,2.0,57.0,0.9649122807017544,0.03508771929824561,1.1379628347951836,1.1379628347951836,0.3736542421937478,1.1111449894407472,1.099806624666617,1.28260318641747,1.28260318641747,0.8325434087375551,1.2668116152708064,1.2569742205819872
Anguilla,Anguilla,CONCACAF,24.0,5.0,19.0,2.0,26.0,0.9230769230769231,0.07692307692307693,0.0013789968056795,0.0013789968056795,0.0006138689761522,0.0013201408187927847,0.0013066698151893528,2.5783151408932112,2.5783151408932112,2.8370273624277367,2.5982160810112513,2.578039697429324
Antigua and Barbuda,Antigua and Barbuda,CONCACAF,27.0,4.0,23.0,0.0,27.0,1.0,0.0,0.0034343349725103,0.0034343349725103,0.0034343349725103,0.0034343349725103,0.0033992902726332178,0.3529786426347303,0.3529786426347303,0.3529786426347303,0.3529786426347303,0.3502375955978516
Argentina,Argentina,CONMEBOL,67.0,7.0,60.0,11.0,78.0,0.8589743589743589,0.14102564102564102,2.058661038947033,2.058661038947033,2.1482996237035623,2.071302377822954,2.0501663585451273,0.397346923648422,0.397346923648422,0.804353559055788,0.4547452953084351,0.45121398181327393
Armenia,Armenia,UEFA,49.0,8.0,41.0,3.0,52.0,0.9423076923076923,0.057692307692307696,1.342780570773873,1.342780570773873,1.0043662945176184,1.3232566702206274,1.3097538717925716,1.2575930064327367,1.2575930064327367,1.2655975826800834,1.2580548089085453,1.2482854149858704
Aruba,Aruba,CONCACAF,24.0,4.0,20.0,2.0,26.0,0.9230769230769231,0.07692307692307693,0.0010742039764685,0.0010742039764685,0.6322037156639355,0.04962262795242751,0.049116267880499574,0.893187229706609,0.893187229706609,1.2174570606491202,0.918131062856033,0.9110013384893606
Australia,Australia,AFC,57.0,8.0,49.0,8.0,65.0,0.8769230769230769,0.12307692307692308,1.9258093906806952,1.9258093906806952,1.5499703417824968,1.8795522769701478,1.8603729173628467,0.7679686153478963,0.7679686153478963,0.8051714091742957,0.7725474207419147,0.7665482225959119
Austria,Austria,UEFA,57.0,8.0,49.0,7.0,64.0,0.890625,0.109375,1.632464760772753,1.632464760772753,1.8331861007237051,1.6544186573298885,1.6375366100685544,0.8962397243848303,0.8962397243848303,0.839068977577669,0.8899866739527971,0.8830755041514438
Azerbaijan,Azerbaijan,UEFA,49.0,8.0,41.0,4.0,53.0,0.9245283018867925,0.07547169811320754,1.3167569710888911,1.3167569710888911,0.3542758043462884,1.2441168830328455,1.231421644179651,1.0896395280678428,1.0896395280678428,2.572431713538589,1.2015483722543143,1.1922177776867493
Bahamas,Bahamas,CONCACAF,26.0,4.0,22.0,2.0,28.0,0.9285714285714286,0.07142857142857142,0.0018331742626462,0.0018331742626462,0.0007087156849139,0.0017528557928081785,0.0017349692716393168,2.867315150197835,2.867315150197835,2.8370273624277367,2.865151736785685,2.842902470881937
Bahrain,Bahrain,AFC,73.0,10.0,63.0,1.0,74.0,0.9864864864864865,0.013513513513513514,0.951189916125576,0.951189916125576,0.0037319545266939,0.9383864301580237,0.9288109312399385,1.311861723562406,1.311861723562406,1.2624124924860791,1.3111934907100231,1.3010114496503762
Bangladesh,Bangladesh,AFC,50.0,7.0,43.0,2.0,52.0,0.9615384615384616,0.038461538461538464,0.2103291336900705,0.2103291336900705,0.0952153948926015,0.20590168219786018,0.20380061671806043,1.0512382788603387,1.0512382788603387,0.7093961243332452,1.0380905036862198,1.0300292372087305
Barbados,Barbados,CONCACAF,34.0,4.0,30.0,2.0,36.0,0.9444444444444444,0.05555555555555555,0.0007368838492784,0.0007368838492784,0.0013923256719676,0.0007732972838722444,0.000765406390454455,1.916053884192872,1.916053884192872,2.8370273624277367,1.967219077428142,1.9519426856815296
Belarus,Belarus,UEFA,47.0,7.0,40.0,4.0,51.0,0.9215686274509803,0.0784313725490196,1.6126923700943414,1.6126923700943414,1.7317643091744412,1.6220313457084667,1.6054797856083103,0.9435628552396934,0.9435628552396934,1.0614794780843555,0.9528112178157452,0.9454121855519114
Belgium,Belgium,UEFA,60.0,8.0,52.0,10.0,70.0,0.8571428571428571,0.14285714285714285,1.753427919452076,1.753427919452076,2.297625872669307,1.8311704841973948,1.8124848229103823,0.8428857059157392,0.8428857059157392,0.8742695213190829,0.8473691081162169,0.8407888839825205
Belize,Belize,CONCACAF,32.0,4.0,28.0,2.0,34.0,0.9411764705882353,0.058823529411764705,0.0913757355184679,0.0913757355184679,0.2334119704617078,0.09973080816218788,0.09871313333765319,1.143566602663775,1.143566602663775,2.8370273624277367,1.2431819414734198,1.233528042439922
Benin,Benin,CAF,45.0,10.0,35.0,4.0,49.0,0.9183673469387755,0.08163265306122448,1.0889422302894978,1.0889422302894978,1.2463259247940153,1.1017898788204787,1.0905469756267208,0.8606544928946165,0.8606544928946165,0.777755821238465,0.8538872543920736,0.8472564137525115
Bermuda,Bermuda,CONCACAF,35.0,8.0,27.0,2.0,37.0,0.9459459459459459,0.05405405405405406,0.4535295719904315,0.4535295719904315,1.263959515186029,0.49733659594695023,0.492261665317772,1.8915669387090908,1.8915669387090908,0.2158567542217163,1.8009880098178817,1.7870024813708425
Bhutan,Bhutan,AFC,18.0,5.0,13.0,1.0,19.0,0.9473684210526315,0.05263157894736842,0.0012199744600042,0.0012199744600042,0.0019535787374116,0.0012585852114466948,0.00124574233462835,2.867315150197835,2.867315150197835,1.1043554977400398,2.7745278000684777,2.752982272134129
Bolivia,Bolivia,CONMEBOL,58.0,9.0,49.0,5.0,63.0,0.9206349206349206,0.07936507936507936,1.0699013606332552,1.0699013606332552,1.1464347148603358,1.0759754363655634,1.0649959493486105,0.7624008878857943,0.7624008878857943,1.3372001849407182,0.8080198797155502,0.8017452210548978
Bonaire,Bonaire,CONCACAF,20.0,2.0,18.0,3.0,23.0,0.8695652173913043,0.13043478260869565,0.0380549057300581,0.0380549057300581,0.1332000738800044,0.050465145053964135,0.04995018775456684,0.5705460925246817,0.5705460925246817,2.8370273624277367,0.866174084251167,0.8594478305341265
Bosnia and Herzegovina,Bosnia and Herzegovina,UEFA,47.0,8.0,39.0,8.0,55.0,0.8545454545454545,0.14545454545454545,2.005447766412583,2.005447766412583,1.714237687387652,1.9630899367362293,1.9430581407072136,1.1397297324766609,1.1397297324766609,1.1602031196529246,1.1427076797022993,1.1338340110970637
Botswana,Botswana,CAF,42.0,7.0,35.0,2.0,44.0,0.9545454545454546,0.045454545454545456,0.635678386482248,0.635678386482248,0.5934604007858187,0.6337593871324102,0.6272923687157108,1.5217813151089317,1.5217813151089317,1.1461686736121257,1.504708013222713,1.4930232398601508
Brazil,Brazil,CONMEBOL,62.0,8.0,54.0,9.0,71.0,0.8732394366197183,0.1267605633802817,1.9514949164860405,1.9514949164860405,2.5158089499047454,2.0230276812855945,2.0023842674948127,0.4694270081259273,0.4694270081259273,1.0086662172875331,0.53778127407599,0.5336051467137455
British Virgin Islands,British Virgin Islands,CONCACAF,24.0,6.0,18.0,4.0,28.0,0.8571428571428571,0.14285714285714285,0.1611061277648793,0.1611061277648793,0.0615734792603756,0.14688717797852163,0.14538830931566482,1.5828700318304298,1.5828700318304298,0.5160953839423477,1.4304736535607039,1.4193653453068158
Brunei,Brunei,AFC,28.0,5.0,23.0,0.0,28.0,1.0,0.0,0.0010657709732887,0.0010657709732887,0.0010657709732887,0.0010657709732887,0.0010548956148290363,2.867315150197835,2.867315150197835,2.867315150197835,2.867315150197835,2.845049084360021
Bulgaria,Bulgaria,UEFA,50.0,8.0,42.0,4.0,54.0,0.9259259259259259,0.07407407407407407,0.9986401538725918,0.9986401538725918,0.9581134809744076,0.9956381781023559,0.985478469915167,1.2318544171725596,1.2318544171725596,1.443085481035513,1.2475011626438894,1.237813722803779
Burkina Faso,Burkina Faso,CAF,66.0,12.0,54.0,3.0,69.0,0.9565217391304348,0.043478260869565216,1.3061952246575534,1.3061952246575534,1.0051166995719245,1.2931048540016563,1.27990973125422,0.8625962639617688,0.8625962639617688,1.339442816491082,0.8833287227673912,0.8764692551235175
Burundi,Burundi,CAF,31.0,6.0,25.0,1.0,32.0,0.96875,0.03125,0.1438788304080051,0.1438788304080051,0.0048464033546442,0.13953406706258756,0.13811023114035578,0.9360719657661052,0.9360719657661052,1.1296433883798565,0.942121072722785,0.9348050545198365
Cambodia,Cambodia,AFC,40.0,2.0,38.0,2.0,42.0,0.9523809523809523,0.047619047619047616,0.2365972969066637,0.2365972969066637,0.0584189145255686,0.22811261203137345,0.22578490140011445,0.612822590969901,0.612822590969901,0.0064373575369415,0.5839471036635696,0.5794124766780858
Cameroon,Cameroon,CAF,60.0,12.0,48.0,2.0,62.0,0.967741935483871,0.03225806451612903,1.3023368817290788,1.3023368817290788,1.1463910917565738,1.297306372375127,1.2840683764217848,0.9327626053530752,0.9327626053530752,0.7187300798617473,0.925858330337226,0.9186686000634698
Canada,Canada,CONCACAF,71.0,12.0,59.0,9.0,80.0,0.8875,0.1125,1.4791375284481203,1.4791375284481203,1.89078927298772,1.5254483497088251,1.509882343474302,0.4558413962428133,0.4558413962428133,0.7249787810852323,0.48611935203758544,0.48234440407040524
Cape Verde,Cape Verde Islands,CAF,54.0,9.0,45.0,8.0,62.0,0.8709677419354839,0.12903225806451613,1.303468207646978,1.303468207646978,1.2773842352559055,1.3001025337900654,1.2868360051984167,0.6718009849066008,0.6718009849066008,1.0065116577652522,0.7149894588238462,0.7094372256267328
Cayman Islands,Cayman Islands,CONCACAF,22.0,4.0,18.0,3.0,25.0,0.88,0.12,0.010283896891947,0.010283896891947,0.0327370662494717,0.012978277214849964,0.012845844055721183,1.431755105074524,1.431755105074524,0.7193433004998985,1.3462656885255688,1.3358112951695291
Central African Republic,Central African Republic,CAF,35.0,5.0,30.0,2.0,37.0,0.9459459459459459,0.05405405405405406,0.6668582790459527,0.6668582790459527,0.1601706237983685,0.6394697571406779,0.6329444688683212,1.8215378106934808,1.8215378106934808,0.8397333979600144,1.7684673018970771,1.754734312213908
Chad,Chad,CAF,25.0,8.0,17.0,0.0,25.0,1.0,0.0,1.0640971237773815,1.0640971237773815,1.0640971237773815,1.0640971237773815,1.053238845641633,1.185132130096062,1.185132130096062,1.185132130096062,1.185132130096062,1.1759290154564288
Chile,Chile,CONMEBOL,59.0,6.0,53.0,4.0,63.0,0.9365079365079365,0.06349206349206349,0.9798774894731498,0.9798774894731498,2.5456784403465207,1.0792934228619353,1.0682800783902227,0.8804546298652278,0.8804546298652278,1.1264889135026075,0.8960758542231566,0.8891173990409869
China,China PR,AFC,46.0,3.0,43.0,4.0,50.0,0.92,0.08,1.0963011861583143,1.0963011861583143,0.6810674129480194,1.0630824843014905,1.0522345597672984,0.953193712104796,0.953193712104796,0.8121737073767522,0.9419121117265524,0.9345977162051217
Colombia,Colombia,CONMEBOL,64.0,8.0,56.0,9.0,73.0,0.8767123287671232,0.1232876712328767,2.060754665332869,2.060754665332869,1.9551147977651928,2.0477305720711008,2.026835084618139,0.4581911362185942,0.4581911362185942,0.5667340194939573,0.47157313552651564,0.4679111458487318
Comoros,Comoros,CAF,55.0,14.0,41.0,3.0,58.0,0.9482758620689655,0.05172413793103448,1.2522196007193491,1.2522196007193491,0.0985034389021011,1.19254462683225,1.1803756424810188,1.0300818039157935,1.0300818039157935,1.0064714504631882,1.0288605787372105,1.0208709870167072
Congo,Congo,CAF,29.0,3.0,26.0,0.0,29.0,1.0,0.0,1.1846533033204036,1.1846533033204036,1.1846533033204036,1.1846533033204039,1.1725648437480074,1.540643136031552,1.540643136031552,1.540643136031552,1.540643136031552,1.5286793093496165
Costa Rica,Costa Rica,CONCACAF,74.0,12.0,62.0,4.0,78.0,0.9487179487179487,0.05128205128205128,1.054495647490096,1.054495647490096,1.2906509321780713,1.066606174909992,1.0557222938716082,1.3730909543362262,1.3730909543362262,1.2137249805958066,1.3649183402982559,1.3543191002299908
Croatia,Croatia,UEFA,62.0,8.0,54.0,8.0,70.0,0.8857142857142857,0.11428571428571428,1.6732579065238329,1.6732579065238329,2.2884135335778755,1.7435614067585807,1.725769727523385,0.6541052530878366,0.6541052530878366,1.0565663221757888,0.7001008038407455,0.6946641881306276
Cuba,Cuba,CONCACAF,44.0,7.0,37.0,2.0,46.0,0.9565217391304348,0.043478260869565216,0.1609065257279115,0.1609065257279115,0.4031183538151288,0.17143747477518181,0.16968808955234502,1.669641887793753,1.669641887793753,0.3794875063330413,1.6135482190345918,1.6010182497094436
Curaçao,Curacao,CONCACAF,41.0,11.0,30.0,7.0,48.0,0.8541666666666666,0.14583333333333334,0.9206833648590912,0.9206833648590912,1.190030185154954,0.9599631094855711,0.9501674374459266,0.6699716645593586,0.6699716645593586,1.0261877966079531,0.721919850483112,0.7163137994986667
Cyprus,Cyprus,UEFA,49.0,8.0,41.0,4.0,53.0,0.9245283018867925,0.07547169811320754,1.4546403422374945,1.4546403422374945,0.8725754177865976,1.4107109139770493,1.396315713453696,1.2401884692387075,1.2401884692387075,1.0851425145709528,1.2284868877543487,1.2189471028019545
Czech Republic,Czech Republic,UEFA,57.0,8.0,49.0,7.0,64.0,0.890625,0.109375,1.5753904633383593,1.5753904633383593,2.2491690698312903,1.6490849984235236,1.6322573769759545,0.5735436230647708,0.5735436230647708,1.2031150841318798,0.6424030016189858,0.6374144367842237
DR Congo,Congo DR,CAF,56.0,12.0,44.0,8.0,64.0,0.875,0.125,1.8989884407295707,1.8989884407295707,1.3733638651544855,1.833285368782685,1.8145781267540853,0.7607564168860526,0.7607564168860526,0.9055537622715154,0.7788560850592354,0.7728078971344047
Denmark,Denmark,UEFA,60.0,8.0,52.0,4.0,64.0,0.9375,0.0625,2.031783283694617,2.031783283694617,1.9125194983900276,2.02432929711308,2.003672601351729,0.7191598454498641,0.7191598454498641,0.6302979113888284,0.7136059745710494,0.7080644847871447
Djibouti,Djibouti,CAF,26.0,5.0,21.0,0.0,26.0,1.0,0.0,0.3791185307411888,0.3791185307411888,0.3791185307411888,0.3791185307411888,0.37524992292220427,1.574673201158411,1.574673201158411,1.574673201158411,1.574673201158411,1.5624451148360494
Dominica,Dominica,CONCACAF,26.0,4.0,22.0,2.0,28.0,0.9285714285714286,0.07142857142857142,0.1568379533274723,0.1568379533274723,0.0012540842602939,0.14572481982267385,0.14423781211486292,2.22909413368341,2.22909413368341,0.5336539515652271,2.1079912635321114,2.0916217088090794
Dominican Republic,Dominican Republic,CONCACAF,38.0,9.0,29.0,3.0,41.0,0.926829268292683,0.07317073170731707,0.9091387095542532,0.9091387095542532,0.7529650347824431,0.8977113674977794,0.888550925752282,0.8682168011078385,0.8682168011078385,2.725289970847091,1.0041002037716862,0.996302888138837
East Timor,Timor-Leste,AFC,25.0,4.0,21.0,0.0,25.0,1.0,0.0,0.0011464868608664,0.0011464868608664,0.0011464868608664,0.0011464868608664,0.0011347878599612224,2.867315150197835,2.867315150197835,2.867315150197835,2.867315150197835,2.845049084360021
Ecuador,Ecuador,CONMEBOL,65.0,8.0,57.0,8.0,73.0,0.8904109589041096,0.1095890410958904,1.3786676329238614,1.3786676329238614,1.520896797613019,1.3942543906980158,1.380027116111984,0.2821733584222525,0.2821733584222525,0.964826766267022,0.35698469078880257,0.354212534882729
Egypt,Egypt,CAF,71.0,16.0,55.0,8.0,79.0,0.8987341772151899,0.10126582278481013,1.174325273944996,1.174325273944996,2.285312489189876,1.2868303084001738,1.2736992124786672,0.9720059918591932,0.9720059918591932,0.9396505479254462,0.9687294912076745,0.9612068459802137
El Salvador,El Salvador,CONCACAF,74.0,12.0,62.0,4.0,78.0,0.9487179487179487,0.05128205128205128,0.4221195839645932,0.4221195839645932,0.4122678270248448,0.4216143656599907,0.41731212111288385,1.3450533358570338,1.3450533358570338,0.5340801404856509,1.3034649668636296,1.2933429414673396
England,England,UEFA,66.0,8.0,58.0,11.0,77.0,0.8571428571428571,0.14285714285714285,2.187686751691134,2.187686751691134,1.9772336634643444,2.1576220248015927,2.135605181100384,0.187611025061881,0.187611025061881,0.8316268047346979,0.27961327930085483,0.2774419492028674
Equatorial Guinea,Equatorial Guinea,CAF,51.0,10.0,41.0,3.0,54.0,0.9444444444444444,0.05555555555555555,0.946104953241956,0.946104953241956,0.8751509784276655,0.9421630657522732,0.9325490292244308,1.7775387318364675,1.7775387318364675,0.2917838557444068,1.6949967942757975,1.681834338026918
Estonia,Estonia,UEFA,54.0,8.0,46.0,4.0,58.0,0.9310344827586207,0.06896551724137931,1.5066456187216328,1.5066456187216328,1.0697839707122836,1.4765172292037465,1.4614505267489872,1.2253675133049076,1.2253675133049076,1.0742928058217394,1.2149485679612408,1.2055139145008718
Eswatini,Swaziland,CAF,44.0,4.0,40.0,0.0,44.0,1.0,0.0,0.487019486671552,0.487019486671552,0.487019486671552,0.487019486671552,0.4820498340659356,1.7394488724773496,1.7394488724773496,1.7394488724773496,1.7394488724773496,1.7259412246998043
Ethiopia,Ethiopia,CAF,42.0,4.0,38.0,2.0,44.0,0.9545454545454546,0.045454545454545456,0.99419432385172,0.99419432385172,0.6940394068113082,0.9805509185317013,0.970545164017597,1.2126132115340444,1.2126132115340444,0.4853394922866977,1.1795553152046196,1.1703955071849546
Faroe Islands,Faroe Islands,UEFA,49.0,8.0,41.0,3.0,52.0,0.9423076923076923,0.057692307692307696,1.4805929198919732,1.4805929198919732,0.7222054327251312,1.436839795632348,1.4221779703263038,0.7474347621801193,0.7474347621801193,1.2788913754754403,0.7780957206394649,0.7720534373059833
Fiji,Fiji,OFC,33.0,4.0,29.0,1.0,34.0,0.9705882352941176,0.029411764705882353,0.0012729819085626,0.0012729819085626,0.4385831113207456,0.014135044538332689,0.013990807474225635,0.8752908335843868,0.8752908335843868,0.8631984541568265,0.8749351753659291,0.8681408876096032
Finland,Finland,UEFA,54.0,8.0,46.0,4.0,58.0,0.9310344827586207,0.06896551724137931,1.2332704950176572,1.2332704950176572,1.865423668130693,1.2768672655771767,1.2638378347082608,1.153928573721821,1.153928573721821,0.9551914758237536,1.1402225669702302,1.13136819644728
France,France,UEFA,64.0,8.0,56.0,11.0,75.0,0.8533333333333334,0.14666666666666667,2.625073418383068,2.625073418383068,2.4057749489734563,2.5929096428696585,2.5664510297844183,0.6432854194299562,0.6432854194299562,0.7750502400198407,0.662610926449806,0.6574654374678334
Gabon,Gabon,CAF,45.0,10.0,35.0,2.0,47.0,0.9574468085106383,0.0425531914893617,1.4685649549198418,1.4685649549198418,1.7910220171172326,1.4822865320346246,1.467160958360888,1.0976297925786829,1.0976297925786829,1.8340503203219292,1.1289668363124379,1.1201998718912767
Gambia,Gambia,CAF,43.0,7.0,36.0,2.0,45.0,0.9555555555555556,0.044444444444444446,1.3992025380609252,1.3992025380609252,2.117333816949459,1.4311194837893046,1.4165160297875588,1.252078046631253,1.252078046631253,1.2834953754939749,1.2534743723584851,1.2437405477040795
Georgia,Georgia,UEFA,51.0,8.0,43.0,4.0,55.0,0.9272727272727272,0.07272727272727272,1.5969971864296593,1.5969971864296593,1.7045663752483158,1.6048204001619253,1.588444464287742,0.9777691578725008,0.9777691578725008,0.7568293716224223,0.961700809781586,0.9542327456082431
Germany,Germany,UEFA,61.0,8.0,53.0,8.0,69.0,0.8840579710144928,0.11594202898550725,1.8722627382778547,1.8722627382778547,2.459691313887392,1.9403703992180912,1.9205704382838005,0.6768319309212337,0.6768319309212337,1.1473735285561109,0.7313874784731035,0.7257079068545071
Ghana,Ghana,CAF,56.0,8.0,48.0,8.0,64.0,0.875,0.125,1.4566714192895358,1.4566714192895358,1.4862103220036624,1.4603637821288016,1.4454619129559596,0.7458011769023867,0.7458011769023867,0.8937939507304348,0.7643002736308927,0.7583651185045542
Gibraltar,Gibraltar,UEFA,49.0,8.0,41.0,2.0,51.0,0.9607843137254902,0.0392156862745098,0.4938598283967881,0.4938598283967881,0.1850028133685362,0.4817477885917586,0.4768319295381771,1.225105142027806,1.225105142027806,0.4151350213170148,1.1933416078822847,1.18407474274321
Greece,Greece,UEFA,49.0,8.0,41.0,4.0,53.0,0.9245283018867925,0.07547169811320754,1.9265050194447657,1.9265050194447657,0.6671473034904976,1.8314591540897267,1.8127705471524438,0.9648007316777044,0.9648007316777044,0.8400226426804501,0.9553835174137607,0.9479645100201615
Grenada,Grenada,CONCACAF,39.0,6.0,33.0,3.0,42.0,0.9285714285714286,0.07142857142857142,0.313197459330358,0.313197459330358,0.0026807368379181,0.29101769343804085,0.2880480856953219,0.9060550612273488,0.9060550612273488,2.0422398161422564,0.9872111151498422,0.9795449513226007
Guadeloupe,Guadeloupe,CONCACAF,34.0,3.0,31.0,0.0,34.0,1.0,0.0,2.190171397255813,2.190171397255813,2.190171397255813,2.190171397255813,2.1678224126894947,1.5394792276215925,1.5394792276215925,1.5394792276215925,1.5394792276215925,1.5275244392420158
Guatemala,Guatemala,CONCACAF,69.0,14.0,55.0,3.0,72.0,0.9583333333333334,0.041666666666666664,1.4704176086733167,1.4704176086733167,0.7555011077746698,1.440629421135873,1.4259289256682166,1.3650278551870272,1.3650278551870272,1.2409549196325744,1.359858149538925,1.3492982042585353
Guinea,Guinea,CAF,54.0,6.0,48.0,3.0,57.0,0.9473684210526315,0.05263157894736842,1.2220713575848512,1.2220713575848512,0.6362694854151,1.1912396801022327,1.1790840117108237,0.8571566459285833,0.8571566459285833,1.5345450598093335,0.8928086677117806,0.8858755837867471
Guinea-Bissau,Guinea-Bissau,CAF,42.0,6.0,36.0,2.0,44.0,0.9545454545454546,0.045454545454545456,0.5741132044407874,0.5741132044407874,0.6859179024610743,0.5791952361689823,0.5732850021981413,1.3734069698701183,1.3734069698701183,0.9557999303982856,1.3544248317123078,1.3439070787289304
Guyana,Guyana,CONCACAF,38.0,4.0,34.0,2.0,40.0,0.95,0.05,0.2383330341681031,0.2383330341681031,0.2977738385587316,0.24130507438763452,0.23884274500555025,0.4873547240202178,0.4873547240202178,1.9956473146518332,0.5627693535517986,0.5583991818680812
Haiti,Haiti,CONCACAF,46.0,11.0,35.0,7.0,53.0,0.8679245283018868,0.1320754716981132,1.1193930645859305,1.1193930645859305,1.2230272645079214,1.133080600424684,1.1215183999124252,0.9408859425400842,0.9408859425400842,0.9600263966936368,0.9434139270509307,0.936087869219242
Honduras,Honduras,CONCACAF,70.0,13.0,57.0,2.0,72.0,0.9722222222222222,0.027777777777777776,0.6753191733756025,0.6753191733756025,1.115754396636637,0.6875534851328535,0.6805375400579586,0.7941636583341711,0.7941636583341711,1.3755803163701887,0.8103141210573939,0.8040216465215796
Hong Kong,Hong Kong,AFC,51.0,8.0,43.0,1.0,52.0,0.9807692307692307,0.019230769230769232,0.3568915348647197,0.3568915348647197,0.0019535787374116,0.35006580493919454,0.3464936574435307,1.5470463312424845,1.5470463312424845,0.7653283779868304,1.5320132936798758,1.5201164818281585
Hungary,Hungary,UEFA,55.0,8.0,47.0,4.0,59.0,0.9322033898305084,0.06779661016949153,2.163053142968089,2.163053142968089,1.3037778549525485,2.1047971912382217,2.083319383610402,1.0038130513741326,1.0038130513741326,0.7489524112404417,0.9865343639074416,0.9788734553754607
Iceland,Iceland,UEFA,58.0,8.0,50.0,5.0,63.0,0.9206349206349206,0.07936507936507936,1.980747300611676,1.980747300611676,0.830168453180619,1.8894315190695288,1.8701513495304194,0.8876170080872803,0.8876170080872803,1.2070575783641602,0.9129694342997311,0.9058797924336716
India,India,AFC,47.0,5.0,42.0,4.0,51.0,0.9215686274509803,0.0784313725490196,0.0593063761572888,0.0593063761572888,0.0016275431760432,0.05478254611954404,0.054223533122084874,2.243765453350884,2.243765453350884,1.1349232557075912,2.1567974378494497,2.1400488799706023
Indonesia,Indonesia,AFC,69.0,6.0,63.0,4.0,73.0,0.9452054794520548,0.0547945205479452,0.7796900249375792,0.7796900249375792,0.6760305566505246,0.7740100540725351,0.7661118873928331,0.9369390951442392,0.9369390951442392,0.6053047116307183,0.9187673481024025,0.9116326826781744
Iran,Iran,AFC,56.0,5.0,51.0,7.0,63.0,0.8888888888888888,0.1111111111111111,0.7824572291084599,0.7824572291084599,1.7242535170424598,0.8871012611011266,0.8780490871854452,0.3456971440558072,0.3456971440558072,0.8360085655313171,0.4001761908864194,0.3970686324401887
Iraq,Iraq,AFC,68.0,12.0,56.0,7.0,75.0,0.9066666666666666,0.09333333333333334,1.130031116906699,1.130031116906699,1.1948408942866011,1.1360800294621567,1.1244872221246283,1.0629873791298723,1.0629873791298723,1.0478962992955436,1.061578878345335,1.0533352134675351
Israel,Israel,UEFA,47.0,8.0,39.0,2.0,49.0,0.9591836734693877,0.04081632653061224,1.395312905528452,1.395312905528452,2.07406119989299,1.4230169175433312,1.4084961438871535,0.9122076090947746,0.9122076090947746,0.7077328498060591,0.9038617005523781,0.8968427845705095
Italy,Italy,UEFA,61.0,8.0,53.0,4.0,65.0,0.9384615384615385,0.06153846153846154,2.015967637999019,2.015967637999019,1.6972736389930616,1.996355699598652,1.9759844525012265,0.7331165946327796,0.7331165946327796,0.3800489368497487,0.7113893541538238,0.7058650774816847
Ivory Coast,Ivory Coast,CAF,61.0,13.0,48.0,7.0,68.0,0.8970588235294118,0.10294117647058823,1.3505188919090767,1.3505188919090767,2.710681373196608,1.4905356179239695,1.4753258687864048,0.6085546088053622,0.6085546088053622,0.4778168870193131,0.5950963139156218,0.5904751080099607
Jamaica,Jamaica,CONCACAF,75.0,14.0,61.0,5.0,80.0,0.9375,0.0625,0.9822663916859152,0.9822663916859152,0.4044173030300453,0.9461508236449234,0.9364960951695428,1.1667101667734985,1.1667101667734985,0.7926335634375081,1.1433303790649991,1.134451874903056
Japan,Japan,AFC,63.0,8.0,55.0,7.0,70.0,0.9,0.1,1.6276144140216942,1.6276144140216942,2.628451786692102,1.727698151288735,1.7100683441572986,0.6490942018698191,0.6490942018698191,0.5197180245554828,0.6361565841383854,0.6312165257061594
Jordan,Jordan,AFC,69.0,14.0,55.0,7.0,76.0,0.9078947368421053,0.09210526315789473,1.664357713409591,1.664357713409591,2.1436091903364964,1.7084992968107533,1.6910653989597306,0.9775864041126924,0.9775864041126924,1.288098569003606,1.0061862087736977,0.9983726943199029
Kazakhstan,Kazakhstan,UEFA,49.0,8.0,41.0,4.0,53.0,0.9245283018867925,0.07547169811320754,0.987518256454756,0.987518256454756,1.5597471264790468,1.0307053409848912,1.0201877998522861,1.2389906702421736,1.2389906702421736,0.6446239353566964,1.194132803458364,1.184859794309348
Kenya,Kenya,CAF,34.0,7.0,27.0,3.0,37.0,0.918918918918919,0.08108108108108109,0.7067641131838416,0.7067641131838416,1.11947832761886,0.740227427867762,0.7326739864422598,1.0680664297465734,1.0680664297465734,0.8995629058309101,1.0544039818615196,1.0462160334673007
Kosovo,Kosovo,UEFA,50.0,8.0,42.0,4.0,54.0,0.9259259259259259,0.07407407407407407,2.001088156049267,2.001088156049267,1.629578886225967,1.9735689508771708,1.953430224712185,0.6332590598318839,0.6332590598318839,1.087033868443554,0.6668720086179335,0.6616934303063525
Kuwait,Kuwait,AFC,61.0,10.0,51.0,1.0,62.0,0.9838709677419355,0.016129032258064516,1.3485275675625537,1.3485275675625537,0.5873877836448266,1.3362511194348483,1.3226157228250701,1.2223613550804426,1.2223613550804426,2.8370273624277367,1.2484043551989474,1.2387099016390883
Kyrgyzstan,Kyrgyzstan,AFC,41.0,2.0,39.0,4.0,45.0,0.9111111111111111,0.08888888888888889,1.696238353870289,1.696238353870289,0.4508879156348191,1.5855405371382472,1.5693613371732702,1.6396937809604444,1.6396937809604444,0.6814174253723111,1.5545136604637213,1.5424421225627416
Laos,Laos,AFC,29.0,4.0,25.0,0.0,29.0,1.0,0.0,0.0044394383254649,0.0044394383254649,0.0044394383254649,0.0044394383254649,0.004394137332700931,2.857287815811058,2.857287815811058,2.857287815811058,2.857287815811058,2.835099616993763
Latvia,Latvia,UEFA,50.0,8.0,42.0,2.0,52.0,0.9615384615384616,0.038461538461538464,0.9314151619142031,0.9314151619142031,1.0074465913399449,0.934339447661347,0.9248052450315212,0.9961869486258677,0.9961869486258677,1.6223500399846271,1.0202701444473585,1.0123472615347309
Lebanon,Lebanon,AFC,52.0,8.0,44.0,0.0,52.0,1.0,0.0,0.2668799240282873,0.2668799240282873,0.2668799240282873,0.2668799240282873,0.26415662332650586,0.6924246625731656,0.6924246625731656,0.6924246625731656,0.6924246625731656,0.6870476557507672
Lesotho,Lesotho,CAF,46.0,6.0,40.0,1.0,47.0,0.9787234042553191,0.02127659574468085,0.6318124770818577,0.6318124770818577,0.4774636613960033,0.6285284597268396,0.6221148188293614,0.9859770223647872,0.9859770223647872,0.9379157802635218,0.9849544427456114,0.9773058030528633
Liberia,Liberia,CAF,40.0,5.0,35.0,4.0,44.0,0.9090909090909091,0.09090909090909091,1.228148208571959,1.228148208571959,0.8560327126807978,1.1943195271273082,1.18213243130802,1.4890602239607311,1.4890602239607311,1.321972660490827,1.4738704454634672,1.462425140480918
Libya,Libya,CAF,44.0,6.0,38.0,2.0,46.0,0.9565217391304348,0.043478260869565216,0.955662546963308,0.955662546963308,0.9183796038933876,0.9540415494385289,0.9443063022835604,0.3484069563104348,0.3484069563104348,0.8971734100343192,0.372266367341908,0.3693755419494265
Liechtenstein,Liechtenstein,UEFA,48.0,8.0,40.0,4.0,52.0,0.9230769230769231,0.07692307692307693,0.2228307536334731,0.2228307536334731,0.2684207136480828,0.22633767363459695,0.22402807486019327,1.1052084113935945,1.1052084113935945,1.0958040034919987,1.104484995401164,1.0959081441182545
Lithuania,Lithuania,UEFA,50.0,8.0,42.0,4.0,54.0,0.9259259259259259,0.07407407407407407,0.956611121921586,0.956611121921586,0.9318733566393284,0.954778694863641,0.9450359257166724,0.9320281816910914,0.9320281816910914,1.3161849202635811,0.9604842364001647,0.9530256194977315
Luxembourg,Luxembourg,UEFA,49.0,8.0,41.0,2.0,51.0,0.9607843137254902,0.0392156862745098,0.3342476026387292,0.3342476026387292,0.9603411541101818,0.35880029093172733,0.3551390148441705,1.0569103361119303,1.0569103361119303,0.1678005533297513,1.0220432858067467,1.0141066336081566
Madagascar,Madagascar,CAF,39.0,6.0,33.0,3.0,42.0,0.9285714285714286,0.07142857142857142,1.8762016122718523,1.8762016122718523,0.7862018859610863,1.7983444889639404,1.7799937912609494,0.9348600394231064,0.9348600394231064,1.658160427544698,0.9865243528603629,0.9788635220689237
Malawi,Malawi,CAF,50.0,6.0,44.0,3.0,53.0,0.9433962264150944,0.05660377358490566,0.8192835113560593,0.8192835113560593,0.18818217861661,0.7835607944085432,0.7755651699003654,0.9790091309196,0.9790091309196,1.5170856351524658,1.0094662915365546,1.0016273056800973
Malaysia,Malaysia,AFC,61.0,8.0,53.0,0.0,61.0,1.0,0.0,0.3128223245289248,0.3128223245289248,0.3128223245289248,0.3128223245289248,0.3096302175953503,0.6828767660783357,0.6828767660783357,0.6828767660783357,0.6828767660783357,0.677573903213204
Maldives,Maldives,AFC,35.0,7.0,28.0,2.0,37.0,0.9459459459459459,0.05405405405405406,0.0022284374303798,0.0022284374303798,0.0011118141971513,0.0021680794177728543,0.0021459558645627866,1.4460690213047074,1.4460690213047074,0.2852387760029781,1.3833214404775867,1.3725792915839052
Mali,Mali,CAF,55.0,11.0,44.0,1.0,56.0,0.9821428571428571,0.017857142857142856,1.3512631439826466,1.3512631439826466,0.0035659727863609,1.3271971230684272,1.3136541154037837,1.127044583252487,1.127044583252487,1.5352634007571078,1.134334204993641,1.1255255604019467
Malta,Malta,UEFA,48.0,8.0,40.0,2.0,50.0,0.96,0.04,1.2607788214087237,1.2607788214087237,2.0547068991274786,1.292535944517474,1.2793466270459617,1.0044554379640556,1.0044554379640556,0.7323864571708727,0.9935726787323282,0.9858571143383059
Martinique,Martinique,CONCACAF,25.0,2.0,23.0,2.0,27.0,0.9259259259259259,0.07407407407407407,0.0018271506889464,0.0018271506889464,0.0010288233269848,0.0017680153288010963,0.0017499741164348412,1.5403504713603018,1.5403504713603018,0.1542109551512149,1.4376734701596288,1.4265092519056137
Mauritania,Mauritania,CAF,57.0,9.0,48.0,3.0,60.0,0.95,0.05,0.4251002817611769,0.4251002817611769,1.565757604156876,0.48213314788096184,0.47721335653750674,0.9018817164802454,0.9018817164802454,0.4932309758669937,0.8814491794495828,0.8746043073534837
Mauritius,Mauritius,CAF,32.0,4.0,28.0,0.0,32.0,1.0,0.0,0.487019486671552,0.487019486671552,0.487019486671552,0.487019486671552,0.4820498340659356,1.3053114247215445,1.3053114247215445,1.3053114247215445,1.3053114247215445,1.2951750607018115
Mexico,Mexico,CONCACAF,93.0,16.0,77.0,11.0,104.0,0.8942307692307693,0.10576923076923077,1.784809373001958,1.784809373001958,2.3173668948128805,1.8411375724242671,1.8223502048044842,0.5771517343604208,0.5771517343604208,0.3293081515068385,0.5509375092509072,0.5466592174654175
Moldova,Moldova,UEFA,50.0,8.0,42.0,4.0,54.0,0.9259259259259259,0.07407407407407407,1.2742058456427403,1.2742058456427403,1.021621064119182,1.2554958618261804,1.242684509402262,1.2334831361022722,1.2334831361022722,1.7179209697279874,1.2693674200745475,1.259510178345885
Montenegro,Montenegro,UEFA,49.0,8.0,41.0,4.0,53.0,0.9245283018867925,0.07547169811320754,0.9440658465193172,0.9440658465193172,1.417108966227022,0.9797672140444271,0.9697694566211043,1.4982295220757484,1.4982295220757484,0.7766052110532105,1.4437673099231043,1.4325557701050926
Montserrat,Montserrat,CONCACAF,24.0,2.0,22.0,0.0,24.0,1.0,0.0,0.0418306742559366,0.0418306742559366,0.0418306742559366,0.0418306742559366,0.04140382497166781,2.759289230192666,2.759289230192666,2.759289230192666,2.759289230192666,2.737862037000874
Morocco,Morocco,CAF,78.0,21.0,57.0,11.0,89.0,0.8764044943820225,0.12359550561797752,1.56153796859142,1.56153796859142,2.297551119900503,1.652505886168947,1.6356433572399263,0.3218128537500432,0.3218128537500432,0.808202367607182,0.3819284116424985,0.37896255588074984
Mozambique,Mozambique,CAF,61.0,11.0,50.0,1.0,62.0,0.9838709677419355,0.016129032258064516,1.0013598461274082,1.0013598461274082,0.0024989473127915,0.9852491864691081,0.9751954898086709,1.243878604956439,1.243878604956439,0.9430275799590992,1.239026169069385,1.2294045415850918
Myanmar,Myanmar,AFC,47.0,4.0,43.0,1.0,48.0,0.9791666666666666,0.020833333333333332,0.2084568614179258,0.2084568614179258,0.0005308781059857,0.20412507009892703,0.20204213355480288,1.456088405716383,1.456088405716383,2.8370273624277367,1.4848579673145361,1.4733273389991426
Namibia,Namibia,CAF,44.0,6.0,38.0,2.0,46.0,0.9565217391304348,0.043478260869565216,0.7721756729075755,0.7721756729075755,0.0027597757618862,0.7387228078142848,0.7311847198585592,1.510521553085373,1.510521553085373,0.9935285495368116,1.4880435964093486,1.476488230168947
Nepal,Nepal,AFC,48.0,7.0,41.0,0.0,48.0,1.0,0.0,0.0657967379105025,0.0657967379105025,0.0657967379105025,0.0657967379105025,0.06512533370811069,1.5733049856772552,1.5733049856772552,1.5733049856772552,1.573304985677255,1.5610875241988285
Netherlands,Netherlands,UEFA,62.0,8.0,54.0,8.0,70.0,0.8857142857142857,0.11428571428571428,2.097408362278532,2.097408362278532,2.2734498996385923,2.117527395119682,2.0959196857269,0.6045119771501029,0.6045119771501029,1.2349912354363668,0.6765667495256759,0.6713128869401226
New Caledonia,New Caledonia,OFC,19.0,1.0,18.0,1.0,20.0,0.95,0.05,0.4829287386694577,0.4829287386694577,0.0024752356356011,0.4589060635177648,0.4542232863872631,0.0050592430148518,0.0050592430148518,2.2117924565457647,0.11539590369139745,0.1144997996168839
New Zealand,New Zealand,OFC,43.0,8.0,35.0,7.0,50.0,0.86,0.14,1.7174226097220382,1.7174226097220382,1.210193435018659,1.646410525263565,1.6296101947209223,0.9411418390822311,0.9411418390822311,1.5110193005270407,1.0209246836845045,1.0129967179634012
Nicaragua,Nicaragua,CONCACAF,48.0,9.0,39.0,2.0,50.0,0.96,0.04,0.6621837081636904,0.6621837081636904,0.0041469088775265,0.6358622361922438,0.6293737598470724,1.296195312170572,1.296195312170572,0.6611951433543901,1.2707953054179248,1.2609269754804682
Niger,Niger,CAF,45.0,8.0,37.0,4.0,49.0,0.9183673469387755,0.08163265306122448,1.564167852430253,1.564167852430253,0.2418070632637485,1.4562200329064565,1.4413604474505568,0.9540623863851414,0.9540623863851414,1.2430398227884043,0.977652381193571,0.9700604454816387
Nigeria,Nigeria,CAF,63.0,15.0,48.0,6.0,69.0,0.9130434782608695,0.08695652173913043,1.865443475961737,1.865443475961737,2.14390627558705,1.889657632450895,1.870375155601738,0.9391786538064302,0.9391786538064302,0.9695516756183592,0.9418197861379022,0.9345061075685773
North Korea,North Korea,AFC,18.0,2.0,16.0,0.0,18.0,1.0,0.0,0.9472772393237384,0.9472772393237384,0.9472772393237384,0.9472772393237384,0.937611016658153,1.7826581119847489,1.7826581119847489,1.7826581119847489,1.782658111984749,1.7688149239120927
North Macedonia,North Macedonia,UEFA,53.0,8.0,45.0,4.0,57.0,0.9298245614035088,0.07017543859649122,1.5550069517940426,1.5550069517940426,0.0044848002774901,1.446198379757793,1.4314410574269754,0.7693298182974065,0.7693298182974065,0.611379736019862,0.758245601997228,0.7523574642757298
Northern Ireland,Northern Ireland,UEFA,47.0,8.0,39.0,4.0,51.0,0.9215686274509803,0.0784313725490196,1.9046861100146268,1.9046861100146268,1.5697515868541267,1.8784167356490975,1.8592489633520364,0.7931970580554564,0.7931970580554564,0.9244698569805958,0.8034929638535064,0.7972534588475262
Norway,Norway,UEFA,49.0,8.0,41.0,10.0,59.0,0.8305084745762712,0.1694915254237288,2.208325123215109,2.208325123215109,2.436279656037577,2.2469614847104427,2.2240330017589143,0.6859453476262284,0.6859453476262284,1.0793619537627976,0.7526261283273418,0.7467816284915147
Oman,Oman,AFC,75.0,11.0,64.0,1.0,76.0,0.9868421052631579,0.013157894736842105,0.9411544061361236,0.9411544061361236,0.0024989473127915,0.9288036764147638,0.9193259619969142,0.9366137086551634,0.9366137086551634,2.190805495967049,0.953116232172425,0.9457148313270467
Pakistan,Pakistan,AFC,21.0,4.0,17.0,3.0,24.0,0.875,0.125,0.0794206253795571,0.0794206253795571,0.2022602589758807,0.09477557957909755,0.09380846898312727,1.457948985200451,1.457948985200451,0.0080076262540452,1.2767063153321503,1.2667920835914304
Palestine,Palestine,AFC,44.0,8.0,36.0,2.0,46.0,0.9565217391304348,0.043478260869565216,1.056686922184957,1.056686922184957,0.0028309107934575,1.010867095602718,1.0005519882341665,0.8578567672646112,0.8578567672646112,0.0032231720380405,0.820698784863456,0.8143256684742364
Panama,Panama,CONCACAF,81.0,14.0,67.0,8.0,89.0,0.9101123595505618,0.0898876404494382,1.419684929168095,1.419684929168095,1.3826390740204964,1.4163549646604456,1.4019021710182284,1.0155319311587945,1.0155319311587945,1.1841975133363316,1.030692882365764,1.0226890619361406
Papua New Guinea,Papua New Guinea,OFC,28.0,3.0,25.0,0.0,28.0,1.0,0.0,0.040437269051076,0.040437269051076,0.040437269051076,0.040437269051075996,0.04002463837611654,0.3174111508440385,0.3174111508440385,0.3174111508440385,0.3174111508440385,0.3149463022968315
Paraguay,Paraguay,CONMEBOL,56.0,8.0,48.0,8.0,64.0,0.875,0.125,1.827741258014154,1.827741258014154,1.8669981532184292,1.8326483699146885,1.8139476279608715,0.688222501397397,0.688222501397397,0.6414800250495787,0.6823796918539198,0.6770806890065494
Peru,Peru,CONMEBOL,60.0,6.0,54.0,4.0,64.0,0.9375,0.0625,0.7489577336726575,0.7489577336726575,1.7268249602852193,0.8100744353359426,0.8018082598779049,0.7987184336600804,0.7987184336600804,1.2091982476710306,0.8243734220357648,0.8179717703412429
Philippines,Philippines,AFC,47.0,4.0,43.0,1.0,48.0,0.9791666666666666,0.020833333333333332,0.1247660628868246,0.1247660628868246,0.0009813999726039,0.12218721574277834,0.12094039085854404,2.867315150197835,2.867315150197835,2.188006754893197,2.853162891962322,2.831006725140528
Poland,Poland,UEFA,58.0,8.0,50.0,4.0,62.0,0.9354838709677419,0.06451612903225806,2.148152363516137,2.148152363516137,1.7790672152026323,2.1243404184636523,2.1026631875011184,0.9393682970265128,0.9393682970265128,1.3855502669943296,0.9681542305728236,0.9606360525177866
Portugal,Portugal,UEFA,63.0,8.0,55.0,9.0,72.0,0.875,0.125,2.2879967439633213,2.2879967439633213,1.7629820806292815,2.2223699110465662,2.1996923658531347,0.9678553375009054,0.9678553375009054,0.6744237043759093,0.9311763833602809,0.923945355875532
Puerto Rico,Puerto Rico,CONCACAF,30.0,4.0,26.0,2.0,32.0,0.9375,0.0625,0.2768045666238835,0.2768045666238835,0.0018231645128642,0.2596182289919448,0.2569690282033007,0.811397681814399,0.811397681814399,1.436936763542017,0.8504938744223751,0.8438893849921709
Qatar,Qatar,AFC,79.0,10.0,69.0,5.0,84.0,0.9404761904761905,0.05952380952380952,0.8942883958943375,0.8942883958943375,0.935561454033886,0.896745125545501,0.8875945435427187,1.453381464485325,1.453381464485325,0.864930699060453,1.418354633210035,1.407340434912982
Republic of Ireland,Rep of Ireland,UEFA,49.0,8.0,41.0,5.0,54.0,0.9074074074074074,0.09259259259259259,1.8774174084594577,1.8774174084594577,1.2875128790411363,1.8227966186985018,1.804196406153551,0.7828083529864158,0.7828083529864158,0.6309401969687357,0.7687464866884824,0.7627768046031307
Romania,Romania,UEFA,53.0,8.0,45.0,4.0,57.0,0.9298245614035088,0.07017543859649122,1.8673005684603885,1.8673005684603885,1.0607731071586195,1.8107021501234224,1.7922253521623077,1.1310902494389774,1.1310902494389774,1.1851107017241234,1.1348811583712684,1.1260682664264656
Rwanda,Rwanda,CAF,38.0,6.0,32.0,2.0,40.0,0.95,0.05,0.3838622733107503,0.3838622733107503,1.4922548845178003,0.43928190387110283,0.43479937592731766,1.201091846738796,1.201091846738796,0.0036687482572823,1.1412206918147203,1.132358570377644
Saint Kitts and Nevis,St. Kitts and Nevis,CONCACAF,39.0,6.0,33.0,2.0,41.0,0.9512195121951219,0.04878048780487805,0.2462450154734192,0.2462450154734192,0.6155518465750941,0.26425998284423263,0.261563416591253,1.9051943363843007,1.9051943363843007,1.3380200708920231,1.8775272990432137,1.8629474066132152
Saint Lucia,St. Lucia,CONCACAF,28.0,4.0,24.0,1.0,29.0,0.9655172413793104,0.034482758620689655,0.0064687663486171,0.0064687663486171,1.6490604506047448,0.06310985890917323,0.062465872203607234,2.867315150197835,2.867315150197835,1.20895312277742,2.810130252700579,2.7883082547889977
Saint Martin,St. Martin,CONCACAF,18.0,4.0,14.0,2.0,20.0,0.9,0.1,0.0325870680318229,0.0325870680318229,0.1572858266480446,0.04505694389344507,0.04459717305316208,2.867315150197835,2.867315150197835,1.4750196756198717,2.728085602740039,2.7069007205558777
Saint Vincent and the Grenadines,St. Vincent and the Grenadines,CONCACAF,40.0,7.0,33.0,2.0,42.0,0.9523809523809523,0.047619047619047616,0.1736860263864797,0.1736860263864797,0.1237677489689183,0.171308965557072,0.16956089167020452,1.1797239718456871,1.1797239718456871,1.977294887628878,1.2177035392639344,1.2082474921411341
San Marino,San Marino,UEFA,49.0,8.0,41.0,4.0,53.0,0.9245283018867925,0.07547169811320754,0.4355562729708286,0.4355562729708286,0.5561879942851449,0.4446605538247393,0.4401231409687723,1.2733446585525643,1.2733446585525643,0.6525304627197102,1.2264907569802737,1.216966472932701
Saudi Arabia,Saudi Arabia,AFC,81.0,18.0,63.0,8.0,89.0,0.9101123595505618,0.0898876404494382,1.3595483261966437,1.3595483261966437,0.9826818501232372,1.3256726878979104,1.312145235900801,1.0575002626564582,1.0575002626564582,0.8978146546692295,1.0431465001407523,1.035045971446159
Scotland,Scotland,UEFA,55.0,8.0,47.0,7.0,62.0,0.8870967741935484,0.11290322580645161,1.978247518051636,1.978247518051636,1.0246323283673913,1.8705812869582534,1.8514934692812193,0.9044331124263532,0.9044331124263532,0.9129641837959152,0.9053962979035618,0.898365465043406
Senegal,Senegal,CAF,75.0,15.0,60.0,8.0,83.0,0.9036144578313253,0.0963855421686747,2.0713683268873324,2.0713683268873324,1.99398450566289,2.063909645323531,2.0428490630935716,0.5686782291480006,0.5686782291480006,0.8967891837155844,0.6003033813954786,0.5956417401343526
Serbia,Serbia,UEFA,54.0,8.0,46.0,4.0,58.0,0.9310344827586207,0.06896551724137931,1.0750213133705289,1.0750213133705289,1.234142692293067,1.0859952015720833,1.07491347069502,0.9722279320696388,0.9722279320696388,1.1399913728479285,0.9837978245371071,0.9761581665348362
Seychelles,Seychelles,CAF,30.0,4.0,26.0,0.0,30.0,1.0,0.0,0.0034414684404991,0.0034414684404991,0.0034414684404991,0.0034414684404991,0.00340635094916552,1.632889869204233,1.632889869204233,1.632889869204233,1.632889869204233,1.6202097027666191
Sierra Leone,Sierra Leone,CAF,39.0,4.0,35.0,3.0,42.0,0.9285714285714286,0.07142857142857142,1.164234087784341,1.164234087784341,0.9956337054823816,1.1521912033342008,1.1404339940796977,1.5670074017462012,1.5670074017462012,1.2462347934245404,1.5440950725803682,1.5321044399693884
Singapore,Singapore,AFC,56.0,8.0,48.0,1.0,57.0,0.9824561403508771,0.017543859649122806,0.2375792456612904,0.2375792456612904,0.9621390663744696,0.25029082146327597,0.2477367995666415,0.5724378747055279,0.5724378747055279,1.3684649996953728,0.5864032628632443,0.5818495626334245
Sint Maarten,Sint Maarten,CONCACAF,21.0,2.0,19.0,2.0,23.0,0.9130434782608695,0.08695652173913043,0.0006947188333796,0.0006947188333796,0.0008509857480565,0.0007083072607428088,0.0007010795396345949,2.867315150197835,2.867315150197835,2.3009470749942142,2.818065752354042,2.7961821315135236
Slovakia,Slovakia,UEFA,56.0,8.0,48.0,4.0,60.0,0.9333333333333333,0.06666666666666667,1.5368879153053026,1.5368879153053026,1.9588660936614504,1.565019793862379,1.5490499920181777,0.6402928898517546,0.6402928898517546,1.1049869602707536,0.6712724945463545,0.666059744368666
Slovenia,Slovenia,UEFA,54.0,8.0,46.0,4.0,58.0,0.9310344827586207,0.06896551724137931,1.1700257559132148,1.1700257559132148,1.3131448678883393,1.179896039497706,1.167856124078468,0.7949710595451135,0.7949710595451135,1.298012045877792,0.8296635413611603,0.8232208093740933
Solomon Islands,Solomon Islands,OFC,30.0,2.0,28.0,2.0,32.0,0.9375,0.0625,0.0059129146389868,0.0059129146389868,0.5928092651678413,0.042593936547040204,0.042159298768599085,0.5154012049834891,0.5154012049834891,2.8370273624277367,0.6605028398237546,0.6553737211370403
Somalia,Somalia,CAF,20.0,6.0,14.0,0.0,20.0,1.0,0.0,0.2854884336962092,0.2854884336962092,0.2854884336962092,0.2854884336962092,0.282575247720658,1.141767558832842,1.141767558832842,1.141767558832842,1.141767558832842,1.1329011907132798
South Africa,South Africa,CAF,68.0,11.0,57.0,8.0,76.0,0.8947368421052632,0.10526315789473684,1.4146810868442845,1.4146810868442845,1.0770766312141735,1.3791437757253255,1.3650706931359726,0.9014982912046804,0.9014982912046804,0.8626123814698583,0.8974050375483834,0.8904362606255329
South Korea,South Korea,AFC,66.0,8.0,58.0,7.0,73.0,0.9041095890410958,0.0958904109589041,2.051268565794209,2.051268565794209,0.6473398665378344,1.9166452658655155,1.8970874013442247,0.3455487840288864,0.3455487840288864,1.153797400729922,0.4230520760413145,0.41976687546707353
South Sudan,South Sudan,CAF,32.0,5.0,27.0,0.0,32.0,1.0,0.0,0.4122366786381907,0.4122366786381907,0.4122366786381907,0.4122366786381907,0.40803012604596034,0.9891326137405922,0.9891326137405922,0.9891326137405922,0.9891326137405922,0.9814515285629279
Spain,Spain,UEFA,65.0,8.0,57.0,11.0,76.0,0.8552631578947368,0.14473684210526316,2.7443401776395726,2.7443401776395726,1.729695962696394,2.597483778108323,2.570978489553765,0.4620084952670452,0.4620084952670452,0.4039982821601858,0.453612280212105,0.45008976511802934
Sri Lanka,Sri Lanka,AFC,34.0,7.0,27.0,0.0,34.0,1.0,0.0,0.1289495409778927,0.1289495409778927,0.1289495409778927,0.1289495409778927,0.12763371185841849,0.4663340098397795,0.4663340098397795,0.4663340098397795,0.4663340098397795,0.462712704464684
Sudan,Sudan,CAF,58.0,13.0,45.0,0.0,58.0,1.0,0.0,0.6356258311862544,0.6356258311862544,0.6356258311862544,0.6356258311862544,0.6291397671691031,1.2084247923027651,1.2084247923027651,1.2084247923027651,1.2084247923027651,1.1990407990630951
Suriname,Suriname,CONCACAF,40.0,11.0,29.0,1.0,41.0,0.975609756097561,0.024390243902439025,1.2124452554645433,1.2124452554645433,2.0115406149882427,1.2319353861846336,1.219364449970674,0.9623706718713504,0.9623706718713504,1.632989401119643,0.9787272262432599,0.9711269438483199
Sweden,Sweden,UEFA,56.0,8.0,48.0,8.0,64.0,0.875,0.125,1.680750239994618,1.680750239994618,2.36679988813706,1.7665064460124231,1.7484806306138203,1.0984348247069553,1.0984348247069553,1.2095337677093978,1.1123221925822606,1.103684481735865
Switzerland,Switzerland,UEFA,62.0,8.0,54.0,10.0,72.0,0.8611111111111112,0.1388888888888889,2.3765643598586763,2.3765643598586763,1.9645384737589489,2.319338542344825,2.2956715081794266,0.4669278403808025,0.4669278403808025,0.8956034569333565,0.526466120457546,0.5223778606446415
Syria,Syria,AFC,59.0,11.0,48.0,1.0,60.0,0.9833333333333333,0.016666666666666666,0.9953728872074836,0.9953728872074836,1.696980333711233,1.0070663446492127,0.9967900209687811,0.7777278378094638,0.7777278378094638,1.4306223841134222,0.7886094135811964,0.7824854864217047
São Tomé and Príncipe,Sao Tome and Principe,CAF,20.0,4.0,16.0,0.0,20.0,1.0,0.0,0.8783801534071634,0.8783801534071634,0.8783801534071634,0.8783801534071634,0.8694169715683111,1.2449591478227418,1.2449591478227418,1.2449591478227418,1.2449591478227418,1.2352914479367012
Taiwan,Chinese Taipei,AFC,28.0,5.0,23.0,0.0,28.0,1.0,0.0,0.1796394032591468,0.1796394032591468,0.1796394032591468,0.1796394032591468,0.17780632377688727,2.867315150197835,2.867315150197835,2.867315150197835,2.867315150197835,2.845049084360021
Tajikistan,Tajikistan,AFC,44.0,5.0,39.0,2.0,46.0,0.9565217391304348,0.043478260869565216,0.1572583364634953,0.1572583364634953,0.000602013137557,0.15044719197106318,0.14891199615231582,1.575197154424329,1.575197154424329,2.8370273624277367,1.6300593373809988,1.6174011513691946
Tanzania,Tanzania,CAF,49.0,10.0,39.0,1.0,50.0,0.98,0.02,0.994623791756703,0.994623791756703,0.0011948050673178,0.9747552120229153,0.9648085981566518,1.411501311524872,1.411501311524872,2.8246157239445195,1.439763599773265,1.4285831506687332
Thailand,Thailand,AFC,74.0,8.0,66.0,2.0,76.0,0.9736842105263158,0.02631578947368421,0.4337652549455191,0.4337652549455191,0.8898781679104897,0.4457682263393341,0.44121951055248043,1.0309914498949264,1.0309914498949264,0.5437313904887762,1.0181688167526592,1.0102622516489734
Togo,Togo,CAF,37.0,4.0,33.0,4.0,41.0,0.9024390243902439,0.0975609756097561,0.4382688332632496,0.4382688332632496,1.343274204821527,0.526562040244545,0.5211888868350085,0.950962638356767,0.950962638356767,0.7555068617642995,0.9318937821038433,0.9246571836766555
Trinidad and Tobago,Trinidad and Tobago,CONCACAF,60.0,13.0,47.0,4.0,64.0,0.9375,0.0625,0.878251097838409,0.878251097838409,1.1517351110033671,0.895343848661219,0.8862075655920723,1.585562804988701,1.585562804988701,1.397091283500251,1.573783334895673,1.5615621588080624
Tunisia,Tunisia,CAF,74.0,16.0,58.0,7.0,81.0,0.9135802469135802,0.08641975308641975,1.7427018299698864,1.7427018299698864,0.9103013423286686,1.670765985358917,1.653717126412306,0.9763093257422892,0.9763093257422892,0.9178686367137466,0.9712588958262424,0.9637166085689322
Turkey,Turkey,UEFA,58.0,8.0,50.0,7.0,65.0,0.8923076923076924,0.1076923076923077,2.1055045472955696,2.1055045472955696,1.841624080441001,2.0770866508650774,2.0558916076089866,1.0178166137743154,1.0178166137743154,0.7058851233205449,0.9842239917254477,0.9765810243322741
Turkmenistan,Turkmenistan,AFC,24.0,4.0,20.0,0.0,24.0,1.0,0.0,0.4067013706774944,0.4067013706774944,0.4067013706774944,0.4067013706774944,0.4025513015697705,1.0387128419922322,1.0387128419922322,1.0387128419922322,1.0387128419922322,1.0306467427618125
Turks and Caicos Islands,Turks and Caicos Islands,CONCACAF,20.0,1.0,19.0,0.0,20.0,1.0,0.0,0.0003814930009888,0.0003814930009888,0.0003814930009888,0.0003814930009888,0.0003776001635597569,2.867315150197835,2.867315150197835,2.867315150197835,2.867315150197835,2.845049084360021
Uganda,Uganda,CAF,51.0,11.0,40.0,0.0,51.0,1.0,0.0,1.489900365293194,1.489900365293194,1.489900365293194,1.489900365293194,1.4746970984114283,1.080030233830907,1.080030233830907,1.080030233830907,1.080030233830907,1.0716432854022875
Ukraine,Ukraine,UEFA,55.0,8.0,47.0,4.0,59.0,0.9322033898305084,0.06779661016949153,1.88446725154041,1.88446725154041,2.4162128323638394,1.920517799392846,1.9009204186984632,1.175106576683382,1.175106576683382,0.6366240438230985,1.1385992863199728,1.1297575213433049
United Arab Emirates,United Arab Emirates,AFC,68.0,13.0,55.0,0.0,68.0,1.0,0.0,1.5418798598956065,1.5418798598956065,1.5418798598956065,1.5418798598956065,1.5261461829627874,1.3783602004602742,1.3783602004602742,1.3783602004602742,1.3783602004602742,1.3676565779548955
United States,USA,CONCACAF,85.0,14.0,71.0,9.0,94.0,0.9042553191489362,0.09574468085106383,2.0929703549364342,2.0929703549364342,2.3963972821940214,2.122021869248331,2.1003682972654976,1.054837015477059,1.054837015477059,0.9409226190271212,1.0439303179446182,1.0358237025319939
United States Virgin Islands,US Virgin Islands,CONCACAF,19.0,1.0,18.0,1.0,20.0,0.95,0.05,0.0003573987061895,0.0003573987061895,0.0017638853198881,0.00042772303687442997,0.00042335845811966095,2.867315150197835,2.867315150197835,1.3546591836836055,2.7916823518721237,2.770003610684306
Uruguay,Uruguay,CONMEBOL,64.0,8.0,56.0,5.0,69.0,0.927536231884058,0.07246376811594203,1.3454853337582944,1.3454853337582944,1.5552203475225188,1.360683523161499,1.3467988129982296,0.4957505640356491,0.4957505640356491,0.9723385912904824,0.5302859283294775,0.5261680058917448
Uzbekistan,Uzbekistan,AFC,55.0,7.0,48.0,7.0,62.0,0.8870967741935484,0.11290322580645161,1.3371074253104314,1.3371074253104314,1.4946365627869955,1.3548929730900436,1.3410673509572084,0.4487361952682881,0.4487361952682881,1.070271390337125,0.518909523743802,0.5148799444983009
Vanuatu,Vanuatu,OFC,26.0,3.0,23.0,1.0,27.0,0.9629629629629629,0.037037037037037035,0.0361666728615132,0.0361666728615132,0.2453296249202413,0.04391344886368831,0.043465346495016134,0.2327056130329961,0.2327056130329961,1.5431657054643928,0.2812411720119367,0.2790572005528211
Venezuela,Venezuela,CONMEBOL,56.0,7.0,49.0,4.0,60.0,0.9333333333333333,0.06666666666666667,1.1936862683927798,1.1936862683927798,1.4215251035851484,1.208875524072271,1.1965398956991025,0.7993262445432736,0.7993262445432736,0.8310809787500979,0.8014432268237286,0.7952196390006405
Vietnam,Vietnam,AFC,65.0,4.0,61.0,1.0,66.0,0.9848484848484849,0.015151515151515152,0.1726381049205835,0.1726381049205835,0.0853913124705276,0.17131618382285538,0.16956803627923628,1.934709796037135,1.934709796037135,0.0073452775288962,1.905507303332465,1.8907101328618565
Wales,Wales,UEFA,55.0,8.0,47.0,4.0,59.0,0.9322033898305084,0.06779661016949153,1.5865154283662126,1.5865154283662126,2.1369054500282005,1.6238300061060085,1.6072600920845495,0.8876648047229466,0.8876648047229466,1.16742805588467,0.9066318048017076,0.8995913776428799
Yemen,Yemen,AFC,29.0,5.0,24.0,0.0,29.0,1.0,0.0,0.1543583327167242,0.1543583327167242,0.1543583327167242,0.1543583327167242,0.15278322676844494,1.6687714557179902,1.6687714557179902,1.6687714557179902,1.6687714557179902,1.6558126516957963
Zambia,Zambia,CAF,57.0,8.0,49.0,1.0,58.0,0.9827586206896551,0.017241379310344827,1.027378743968428,1.027378743968428,0.0050123850949772,1.0097517377809548,0.9994480117658333,1.134042161110672,1.134042161110672,1.0922360120498007,1.1333213654372085,1.1245205860263772
Zimbabwe,Zimbabwe,CAF,37.0,11.0,26.0,3.0,40.0,0.925,0.075,0.9806903863399395,0.9806903863399395,0.415808849421667,0.9383242710710691,0.9287494064378059,1.3427757524975945,1.3427757524975945,0.8821539780799408,1.3082291194162705,1.2980700981095759
