rank_old,name,confed_old,off_old,def_old,spi_old,rank_new,confed_new,off_new,def_new,spi_new,_merge,rank_change,off_change,def_change,spi_change
1,Argentina,CONMEBOL,2.512459840641836,0.3395617875315242,71.43745528455284,1,CONMEBOL,2.510138544246307,0.4265700576841593,70.48460162601626,both,0,-0.0023212963955288046,0.08700827015263507,-0.9528536585365828
2,Spain,UEFA,2.470102527558492,0.5227588880642358,68.88408130081301,2,UEFA,2.3983608840081034,0.4945736800378343,68.64999186991871,both,0,-0.07174164355038837,-0.028185208026401454,-0.23408943089430068
3,Brazil,CONMEBOL,2.340930537472698,0.5114770750632779,67.77113821138211,3,CONMEBOL,2.4216230226967403,0.6025587996116498,67.53573983739837,both,0,0.08069248522404227,0.09108172454837193,-0.23539837398374175
4,France,UEFA,2.395405568761464,0.567457246635934,67.58069105691057,4,UEFA,2.412270531130201,0.6182447615967629,67.28814634146342,both,0,0.016864962368737135,0.050787514960828894,-0.2925447154471499
5,Netherlands,UEFA,2.4048563304982955,0.6046706164515826,67.27684552845528,5,UEFA,2.4127760152677467,0.7118343227974352,66.14964227642275,both,0,0.007919684769451152,0.1071637063458526,-1.1272032520325297
6,England,UEFA,2.1690557529658867,0.4457969179452651,66.94873983739838,6,UEFA,2.16441156570696,0.5238892716620447,66.00675609756098,both,0,-0.004644187258926902,0.07809235371677958,-0.9419837398373971
7,Colombia,CONMEBOL,2.108255386883722,0.5060515055674459,65.5299674796748,7,CONMEBOL,2.106864319211106,0.5237148445125924,65.46989430894308,both,0,-0.0013910676726163196,0.01766333894514649,-0.060073170731712366
9,Italy,UEFA,2.2153994295492745,0.6521613111217553,64.82334959349593,8,UEFA,2.200406215663312,0.633872470950015,65.0090325203252,both,1,-0.014993213885962309,-0.018288840171740373,0.1856829268292728
8,Germany,UEFA,2.282493221297394,0.6994017986621214,64.92861788617887,9,UEFA,2.322082284060082,0.788828950854603,64.34009756097561,both,-1,0.039589062762688254,0.08942715219248165,-0.5885203252032625
11,Belgium,UEFA,2.069018019717786,0.632477338791048,63.56939024390243,10,UEFA,2.1601191484241724,0.6845596878739513,63.98395121951219,both,1,0.09110112870638654,0.05208234908290332,0.4145609756097599
10,Portugal,UEFA,2.0461748674213043,0.6026668913852571,63.71933333333334,11,UEFA,2.023193151421101,0.6219042450696811,63.38424390243903,both,-1,-0.022981716000203267,0.01923735368442403,-0.33508943089430687
13,Croatia,UEFA,1.994583917224244,0.6273256781042911,62.84308130081301,12,UEFA,2.0873860032255007,0.69687158151138,63.091804878048784,both,1,0.09280208600125661,0.06954590340708888,0.2487235772357721
14,Denmark,UEFA,1.994885297174354,0.6355973012227171,62.76505691056911,13,UEFA,2.0035432787743104,0.6433761759223402,62.8879918699187,both,1,0.008657981599956344,0.007778874699623128,0.12293495934959253
12,Switzerland,UEFA,2.0901526846102225,0.701170758196153,62.9280081300813,14,UEFA,2.1073460557747365,0.7415294443091169,62.77320325203252,both,-2,0.017193371164514026,0.04035868611296389,-0.15480487804877896
21,Mexico,CONCACAF,1.7103890500597243,0.5531660017005218,60.69866666666667,15,CONCACAF,1.8383782708354093,0.5228497060297586,62.64981300813008,both,6,0.12798922077568498,-0.030316295670763216,1.9511463414634136
15,Morocco,CAF,1.6791325245762865,0.416412081537811,62.15540650406505,16,CAF,1.7841142777753725,0.4910098523249136,62.48428455284552,both,-1,0.10498175319908598,0.07459777078710261,0.32887804878047433
17,USA,CONCACAF,1.9208636894877649,0.6774709202371725,61.49621951219512,17,CONCACAF,2.015221281841977,0.7204284906391177,62.02559349593496,both,0,0.09435759235421193,0.042957570401945255,0.5293739837398448
26,Japan,AFC,1.7290298276974183,0.687002139539272,59.2080406504065,18,AFC,1.8821745884156715,0.6703659909410817,61.24876422764228,both,8,0.15314476071825323,-0.016636148598190292,2.040723577235781
22,Norway,UEFA,1.8710070556133425,0.7244759950107744,60.300300813008135,19,UEFA,2.032961929098648,0.8085549610495388,61.20894308943089,both,3,0.16195487348530557,0.08407896603876441,0.9086422764227535
16,Poland,UEFA,2.0766902970370933,0.8044617581880122,61.53368292682927,20,UEFA,2.079697824367236,0.8582826284657689,61.02708943089431,both,-4,0.0030075273301428673,0.053820870277756616,-0.5065934959349647
20,Uruguay,CONMEBOL,1.6504817511230343,0.475302056595505,61.046040650406496,21,CONMEBOL,1.6519501334979068,0.5388061318842664,60.41206504065041,both,-1,0.0014683823748724567,0.0635040752887614,-0.6339756097560851
27,Ukraine,UEFA,1.880461676934467,0.8304162772327252,59.08255284552845,22,UEFA,1.9685192009014592,0.8176429186662942,60.376609756097565,both,5,0.08805752396699207,-0.012773358566430915,1.2940569105691182
18,Ecuador,CONMEBOL,1.711999148235941,0.4989456023863029,61.437333333333335,23,CONMEBOL,1.6902464740816487,0.587510280512994,60.19915447154472,both,-5,-0.021752674154292162,0.08856467812669111,-1.2381788617886116
23,Austria,UEFA,1.925730398209912,0.788801525521172,60.11073170731708,24,UEFA,1.9146817500473143,0.8136207081146116,59.78445528455284,both,-1,-0.011048648162597763,0.024819182593439626,-0.32627642276423785
24,Hungary,UEFA,1.8052232027545,0.7244539260468753,59.59613821138211,25,UEFA,1.8042984815095,0.7253020519891739,59.67485365853658,both,-1,-0.000924721245000093,0.0008481259422985499,0.07871544715446532
25,Turkey,UEFA,1.9087676049093336,0.8343396065435746,59.36285365853659,26,UEFA,1.910274795591468,0.8285233689031555,59.590073170731706,both,-1,0.0015071906821344516,-0.005816237640419164,0.22721951219511993
33,Sweden,UEFA,1.8255685880464845,0.8226193148646259,58.61514634146342,27,UEFA,1.9565861642433409,0.8943036512926491,59.29228455284553,both,6,0.1310175761968564,0.07168433642802319,0.6771382113821076
31,Canada,CONCACAF,1.6368723736956436,0.6381508079666979,58.78379674796748,28,CONCACAF,1.6890275307210711,0.6606679327163955,59.23751219512196,both,3,0.0521551570254275,0.02251712474969758,0.45371544715447953
35,Senegal,CAF,1.6418212896319786,0.68939158860753,58.21743089430894,29,CAF,1.735412480696447,0.7142065858091978,59.0879349593496,both,6,0.09359119106446845,0.0248149972016678,0.870504065040663
19,Scotland,UEFA,1.90506155872554,0.6883463389429653,61.15017073170732,30,UEFA,1.766349799150582,0.7429475829342033,59.07455284552846,both,-11,-0.13871175957495785,0.054601243991238,-2.0756178861788612
28,Czech Republic,UEFA,1.807524037320657,0.7745267499368117,58.96836585365853,31,UEFA,1.8743649748123603,0.8669438611859829,58.76626829268293,both,-3,0.06684093749170339,0.09241711124917118,-0.20209756097560216
30,Venezuela,CONMEBOL,1.7120493521079083,0.7035499798619359,58.81641463414634,32,CONMEBOL,1.6978446626437529,0.7256121585721962,58.55028455284553,both,-2,-0.014204689464155429,0.022062178710260283,-0.2661300813008083
37,Paraguay,CONMEBOL,1.4385437431943535,0.617158971754407,56.72818699186992,33,CONMEBOL,1.546221253041313,0.6259610301179113,58.0569593495935,both,4,0.10767750984695956,0.008802058363504228,1.3287723577235795
32,Greece,UEFA,1.6889190580877464,0.6866762129222392,58.75359349593495,34,UEFA,1.5957437314468987,0.7087451154781665,57.54894308943089,both,-2,-0.09317532664084771,0.022068902555927306,-1.204650406504058
34,Serbia,UEFA,1.7392711537254018,0.7629041612741138,58.39549593495935,35,UEFA,1.7025803337165766,0.8194235027529182,57.393926829268295,both,-1,-0.036690820008825176,0.05651934147880444,-1.001569105691054
44,Egypt,CAF,1.4668189443331945,0.7151318660448381,55.81786178861788,36,CAF,1.6175810041882357,0.7537254193461077,57.248227642276426,both,8,0.1507620598550412,0.03859355330126957,1.430365853658543
29,South Korea,AFC,1.6631547558978492,0.6523736332660333,58.90619512195122,37,AFC,1.5550557074005318,0.7128096179971,57.06407317073171,both,-8,-0.10809904849731744,0.060435984731066705,-1.8421219512195108
42,Algeria,CAF,1.5958287207118154,0.793316064650674,56.30539837398374,38,CAF,1.6190388173837127,0.7795063418232264,56.88391056910569,both,4,0.02321009667189733,-0.013809722827447524,0.5785121951219452
39,Australia,AFC,1.5133012618974064,0.6944756119222258,56.5619756097561,39,AFC,1.535943177538376,0.715365011029244,56.772235772357725,both,0,0.022641915640969623,0.020889399107018147,0.21026016260162805
40,Georgia,UEFA,1.6103020342566603,0.7925128399812151,56.55041463414634,40,UEFA,1.6259015896628652,0.8030754924586678,56.74356910569106,both,0,0.015599555406204946,0.010562652477452694,0.193154471544716
41,Slovakia,UEFA,1.516803806644644,0.7145128405580732,56.381756097560974,41,UEFA,1.582862830613846,0.7624562233508797,56.7370081300813,both,0,0.06605902396920182,0.04794338279280652,0.3552520325203261
58,Ivory Coast,CAF,1.352866310135791,0.7524821034374783,53.92627642276423,42,CAF,1.540870353457802,0.7261634896336316,56.68731707317073,both,16,0.18800404332201115,-0.026318613803846702,2.7610406504064997
45,Iran,AFC,1.4472326964820392,0.7088490568767553,55.637,43,AFC,1.5300361771210462,0.7266891856670461,56.55388617886179,both,2,0.082803480639007,0.017840128790290843,0.9168861788617875
36,Slovenia,UEFA,1.5808289113209932,0.7265593202284425,56.99579674796748,44,UEFA,1.580113444074344,0.7887828553429025,56.4110569105691,both,-8,-0.0007154672466491707,0.062223535114459994,-0.5847398373983808
38,Wales,UEFA,1.597896031682559,0.7730992324686834,56.62421138211382,45,UEFA,1.6270138042147255,0.8427431176285073,56.24673170731708,both,-7,0.02911777253216652,0.06964388515982389,-0.3774796747967386
46,Israel,UEFA,1.7141251555862198,0.974918595642553,55.41341463414634,46,UEFA,1.7587678770743755,0.969076200050017,56.19348780487805,both,0,0.044642721488155734,-0.005842395592535965,0.7800731707317112
53,Nigeria,CAF,1.5525721304211173,0.8859201193929181,54.6459024390244,47,CAF,1.6620604381000066,0.8967930062102045,55.99398373983741,both,6,0.10948830767888929,0.010872886817286376,1.3480813008130141
49,Rep of Ireland,UEFA,1.4796545338479037,0.7836120652271616,55.10676422764228,48,UEFA,1.4969499898805498,0.763543822188601,55.68579674796749,both,1,0.01729545603264615,-0.020068243038560696,0.5790325203252067
55,Chile,CONMEBOL,1.296631294453361,0.6457233665634682,54.56824390243903,49,CONMEBOL,1.4204021505177653,0.7211358241627154,55.32451219512195,both,6,0.12377085606440441,0.0754124575992472,0.7562682926829183
51,Congo DR,CAF,1.4264312177991714,0.7427592736489571,54.95812195121951,50,CAF,1.4580253845303064,0.7696956707208481,55.1819593495935,both,1,0.03159416673113502,0.026936397071890994,0.22383739837398764
48,Peru,CONMEBOL,1.3293525571858642,0.6362604609881882,55.14821951219512,51,CONMEBOL,1.373935529380786,0.7183367441816965,54.788130081300814,both,-3,0.0445829721949218,0.08207628319350824,-0.36008943089430545
43,Iceland,UEFA,1.6526720741010474,0.8653813380244967,56.071617886178856,52,UEFA,1.5628010788617392,0.9112146788374418,54.63712195121951,both,-9,-0.0898709952393082,0.0458333408129451,-1.4344959349593438
61,Bosnia and Herzegovina,UEFA,1.4759130004179486,0.9109343501366182,53.40458536585365,53,UEFA,1.5782347383027115,0.9520849453240492,54.32092682926829,both,8,0.10232173788476295,0.04115059518743103,0.9163414634146392
50,Tunisia,CAF,1.3384423138709396,0.6577141388646714,54.95930081300813,54,CAF,1.2956048470482855,0.6911355994852042,54.21787804878049,both,-4,-0.0428374668226541,0.03342146062053275,-0.7414227642276359
56,Cameroon,CAF,1.4578521227805008,0.8265179625071901,54.254089430894304,55,CAF,1.4446527752648015,0.8389207597641184,54.1259349593496,both,1,-0.013199347515699289,0.012402797256928277,-0.12815447154470405
47,Albania,UEFA,1.3931974156061129,0.6784836932682188,55.35525203252033,56,UEFA,1.3285705159745929,0.7301505174429505,54.065130081300815,both,-9,-0.06462689963152002,0.051666824174731674,-1.2901219512195183
52,Bolivia,CONMEBOL,1.4056085640679294,0.7205739689494467,54.93073983739837,57,CONMEBOL,1.390030383914204,0.803188510891251,53.94073170731707,both,-5,-0.015578180153725363,0.08261454194180429,-0.9900081300813
54,Panama,CONCACAF,1.5453866712820985,0.8795316804672316,54.611008130081295,58,CONCACAF,1.5292551491532036,0.9394490868631136,53.87828455284552,both,-4,-0.016131522128894904,0.059917406395881945,-0.7327235772357739
62,Kosovo,UEFA,1.4154567793591712,0.8582707763448904,53.35561788617886,59,UEFA,1.4565142553034198,0.8913654013118656,53.62012195121951,both,3,0.04105747594424858,0.03309462496697524,0.26450406504064716
57,Mali,CAF,1.3012000619678157,0.6878450830571158,54.10969105691057,60,CAF,1.2754717056022402,0.7131413328292234,53.58214634146342,both,-3,-0.025728356365575467,0.02529624977210765,-0.5275447154471493
60,Romania,UEFA,1.3687710969733835,0.7990095365811665,53.53378048780487,61,UEFA,1.3635819642555085,0.8365319029879607,53.20116260162602,both,-1,-0.005189132717875022,0.03752236640679418,-0.332617886178852
67,Ghana,CAF,1.3088334299911293,0.8574024989335824,52.05354471544715,62,CAF,1.3880994472109582,0.8622566432944047,53.15708943089431,both,5,0.07926601721982895,0.00485414436082221,1.103544715447157
66,Northern Ireland,UEFA,1.2590400967077415,0.789109274200819,52.31242276422764,63,UEFA,1.315446829541386,0.8035798888708926,53.01444715447155,both,3,0.05640673283364439,0.0144706146700736,0.7020243902439063
63,Guadeloupe,CONCACAF,0.785886516623516,0.2881011451778705,52.6520569105691,64,CONCACAF,0.7905514981414223,0.2919306830494844,52.899878048780494,both,-1,0.004664981517906286,0.003829537871613886,0.24782113821139262
64,Uzbekistan,AFC,1.2031784129628065,0.7107298808365871,52.60379674796748,65,AFC,1.2666938405190349,0.7661340482327799,52.87821951219512,both,-1,0.06351542755622841,0.055404167396192805,0.2744227642276442
65,South Africa,CAF,1.249381852523417,0.7573732823841393,52.592138211382114,66,CAF,1.256866315458187,0.7757912730239522,52.63643902439025,both,-1,0.007484462934769898,0.018417990639812976,0.044300813008135265
71,Jordan,AFC,1.23757881425758,0.861762263680553,51.0869674796748,67,AFC,1.3866936981306983,0.916774163531316,52.45878861788618,both,4,0.14911488387311822,0.055011899850763046,1.3718211382113807
59,North Macedonia,UEFA,1.3820789735080372,0.7960041482763327,53.70917073170733,68,UEFA,1.2481493299171822,0.7890884833815704,52.320682926829264,both,-9,-0.13392964359085502,-0.006915664894762252,-1.3884878048780678
69,Finland,UEFA,1.322001557478734,0.9051365701806454,51.59628455284553,69,UEFA,1.382689742036165,0.9254637278144108,52.29543902439025,both,0,0.06068818455743097,0.020327157633765358,0.6991544715447162
68,Burkina Faso,CAF,1.3797048689044675,0.9583471963492656,51.67234146341463,70,CAF,1.3784187513823891,0.9869929444654844,51.550739837398375,both,-2,-0.0012861175220784116,0.028645748116218783,-0.12160162601625757
77,Montenegro,UEFA,1.2476919909247666,0.9594236308289836,50.016113821138205,71,UEFA,1.3156787170535351,0.9526479047188712,51.17518699186993,both,6,0.06798672612876855,-0.006775726110112457,1.1590731707317232
70,Gabon,CAF,1.3750888192355726,0.993647790849534,51.21198373983739,72,CAF,1.4051359702932504,1.064441223823675,50.94276422764228,both,-2,0.030047151057677857,0.07079343297414087,-0.2692195121951144
79,Cape Verde Islands,CAF,1.099045304331678,0.8356453144835081,49.6640325203252,73,CAF,1.1806288087044057,0.8516985313158802,50.745634146341466,both,6,0.08158350437272777,0.016053216832372152,1.0816016260162655
72,New Zealand,OFC,1.099061510706754,0.7328820312553943,50.99036585365854,74,OFC,1.1651975840680897,0.8460187600720672,50.59240650406503,both,-2,0.06613607336133565,0.11313672881667292,-0.3979593495935063
73,Costa Rica,CONCACAF,1.2020938188134882,0.8745367511675689,50.48682113821138,75,CONCACAF,1.2214568195372382,0.9125324537085572,50.46982113821138,both,-2,0.019363000723749968,0.037995702540988274,-0.017000000000003013
74,Qatar,AFC,1.3451755781429324,1.0279832384403271,50.39770731707317,76,AFC,1.3206231415985712,1.0422419378775585,50.14540650406504,both,-2,-0.024552436544361234,0.014258699437231348,-0.25230081300812657
75,Saudi Arabia,AFC,1.1471942293913842,0.842973955181712,50.197626016260166,77,AFC,1.1355767386773803,0.855140234890821,50.07579674796748,both,-2,-0.011617490714003864,0.012166279709108996,-0.12182926829268581
81,Honduras,CONCACAF,1.0730186707253713,0.8535840442975298,49.0739918699187,78,CONCACAF,1.0948035529902442,0.8785899193671352,49.27011382113821,both,3,0.021784882264872962,0.025005875069605388,0.19612195121951004
82,Uganda,CAF,1.1765392196394622,0.9699461023205788,49.015113821138215,79,CAF,1.183523095299133,0.9828389539958736,49.13290243902439,both,3,0.006983875659670735,0.012892851675294859,0.1177886178861769
76,Bulgaria,UEFA,1.2482107963532854,0.954841370395522,50.07338211382114,80,UEFA,1.230531605498002,1.0318236277715631,49.12130894308943,both,-4,-0.017679190855283355,0.07698225737604114,-0.9520731707317083
78,Guinea,CAF,1.1874191882194984,0.9106601879548892,49.8470650406504,81,CAF,1.1532512429405215,0.9677954630558576,48.90517073170732,both,-3,-0.03416794527897693,0.057135275100968386,-0.9418943089430769
95,Kazakhstan,UEFA,1.0708118438998455,1.0127669385059863,47.08479674796748,82,UEFA,1.1601354489806286,0.9834704194698454,48.816,both,13,0.08932360508078308,-0.029296519036140944,1.7312032520325218
86,Benin,CAF,1.1617895980036894,1.024848797795907,48.11353658536586,83,CAF,1.1769067464798753,1.0096444287275117,48.70191056910569,both,3,0.015117148476185838,-0.015204369068395396,0.5883739837398352
80,Jamaica,CONCACAF,1.207467131474686,0.969524970953929,49.3900081300813,84,CONCACAF,1.1466897784027212,0.9869897507693012,48.59612195121951,both,-4,-0.06077735307196486,0.0174647798153722,-0.7938861788617899
90,Belarus,UEFA,1.0001013364682505,0.8927613769041055,47.628365853658536,85,UEFA,1.0686842475285172,0.9148548481669514,48.48434146341463,both,5,0.0685829110602667,0.022093471262845887,0.8559756097560935
83,Comoros,CAF,1.1871917603931963,0.9954630472255388,48.806008130081295,86,CAF,1.13354188989394,0.982051766018005,48.46940650406504,both,-3,-0.05364987049925629,-0.013411281207533765,-0.3366016260162539
84,Estonia,UEFA,1.1109632986384226,0.9386504175190172,48.52675609756098,87,UEFA,1.109525742679176,0.9697769022425818,48.35041463414634,both,-3,-0.0014375559592465503,0.031126484723564607,-0.1763414634146372
93,Gambia,CAF,1.1625784909526384,1.0856618802362277,47.38692682926829,88,CAF,1.2374993063667072,1.1131595333164022,48.214260162601626,both,5,0.07492081541406881,0.02749765308017449,0.8273333333333355
85,Zambia,CAF,1.2379645206657208,1.1031600168541356,48.13743902439025,89,CAF,1.2126832502336389,1.1162266789422244,47.90921951219512,both,-4,-0.025281270432081948,0.01306666208808882,-0.2282195121951247
89,United Arab Emirates,AFC,1.200756554093363,1.1040784666667218,47.658853658536586,90,AFC,1.2078841825917075,1.1187542510990371,47.80247967479674,both,-1,0.007127628498344585,0.01467578443231532,0.14362601626015703
96,Togo,CAF,1.1005010869393168,1.0697307105735323,46.79437398373984,91,CAF,1.159802770632851,1.0724800582767748,47.727894308943085,both,5,0.05930168369353428,0.002749347703242533,0.9335203252032471
101,Malta,UEFA,0.8592156870741374,0.8508019173446935,46.252081300813,92,UEFA,0.9330466329500904,0.8555280349074637,47.420479674796745,both,9,0.07383094587595296,0.0047261175627701935,1.1683983739837416
88,Armenia,UEFA,1.2361748732243505,1.138354649287806,47.71513821138211,93,UEFA,1.221611382810229,1.1703293464660958,47.3320243902439,both,-5,-0.014563490414121416,0.03197469717828971,-0.3831138211382097
98,Iraq,AFC,1.008864850113519,0.9731949789475508,46.720260162601626,94,AFC,1.0468076830223831,0.9906696124976344,47.25724390243902,both,4,0.037942832908864244,0.017474633550083607,0.536983739837396
97,Angola,CAF,1.034597100738743,1.004536952774461,46.747235772357726,95,CAF,1.043538060130095,0.9994586940484952,47.11004878048781,both,2,0.008940959391352088,-0.00507825872596579,0.36281300813008244
91,Oman,AFC,1.0340493890495537,0.941021244508199,47.52347967479675,96,AFC,1.021318089748391,0.9797948080706728,47.08437398373984,both,-5,-0.01273129930116279,0.038773563562473745,-0.4391056910569091
94,Guatemala,CONCACAF,1.0336048575185244,0.95673367191633,47.25781300813008,97,CONCACAF,1.0274885411536598,0.983171108897974,47.06873983739837,both,-3,-0.006116316364864538,0.026437436981644025,-0.18907317073171015
102,Luxembourg,UEFA,0.8995935562271055,0.8970530137901548,46.23211382113821,98,UEFA,0.9157441332522392,0.8763962682488502,46.93978861788617,both,4,0.016150577025133783,-0.02065674554130459,0.7076747967479591
92,Namibia,CAF,1.0777954891395305,0.994299635239716,47.40843089430894,99,CAF,1.0186780785125436,1.0005362300131992,46.80939837398374,both,-7,-0.059117410626986944,0.006236594773483262,-0.5990325203252027
100,Palestine,AFC,0.8631703356601663,0.8474805401600711,46.36566666666667,100,AFC,0.8187886762042872,0.8099522872428702,46.40168292682927,both,0,-0.04438165945587913,-0.037528252917200966,0.03601626016259729
107,Mauritania,CAF,0.8319588784263281,0.8913409101890516,45.403739837398376,101,CAF,0.888786327421878,0.891880525594814,46.38017073170733,both,6,0.05682744899554992,0.000539615405762417,0.9764308943089546
99,Equatorial Guinea,CAF,1.0352916163526222,1.0198200020876549,46.521520325203255,102,CAF,0.9917217916908856,1.012901228409942,46.25160162601627,both,-3,-0.043569824661736645,-0.006918773677712986,-0.26991869918698796
103,Faroe Islands,UEFA,0.9416746128746332,0.9435264367041604,46.20862601626016,103,UEFA,0.9376725298495514,0.9650482645373024,46.19276422764227,both,0,-0.00400208302508176,0.02152182783314205,-0.015861788617890227
120,Haiti,CONCACAF,0.99989866353175,1.21227447307505,43.805804878048775,104,CONCACAF,1.075862753185672,1.153907383677648,45.724,both,16,0.07596408965392187,-0.058367089397402205,1.9181951219512214
109,Cyprus,UEFA,0.9766116753288346,1.063448870136236,45.2268699186992,105,UEFA,0.985135931104924,1.0610230180765945,45.628918699187,both,4,0.008524255776089396,-0.002425852059641409,0.4020487804877959
106,Mozambique,CAF,1.033116514710157,1.0850550432329438,45.73931707317073,106,CAF,1.013959368978429,1.1006135466633349,45.50122764227642,both,0,-0.01915714573172811,0.015558503430391113,-0.23808943089431267
105,Moldova,UEFA,0.98982458278097,1.023137670535955,45.885813008130086,107,UEFA,1.0082782083091142,1.1058588998601724,45.3800081300813,both,-2,0.018453625528144224,0.08272122932421744,-0.5058048780487852
87,Azerbaijan,UEFA,1.136430583070182,1.0280192312332632,47.75865040650407,108,UEFA,1.072720338321651,1.1891832194749496,45.26890243902439,both,-21,-0.06371024474853093,0.16116398824168643,-2.48974796747968
110,Kenya,CAF,0.9644956563991955,1.0784717606223704,44.913796747967474,109,CAF,0.9780544070059838,1.100979368214692,45.05588617886179,both,1,0.013558750606788239,0.02250760759232162,0.14208943089431614
104,Niger,CAF,1.0719534380837672,1.112632798413398,45.90680487804878,110,CAF,0.981817734218129,1.1098521099581966,45.00760975609756,both,-6,-0.09013570386563818,-0.0027806884552012967,-0.8991951219512231
108,Sierra Leone,CAF,1.0136945291712491,1.1046609104080167,45.24557723577236,111,CAF,1.0108442511299751,1.1516642948095477,44.88437398373984,both,-3,-0.0028502780412740236,0.04700338440153096,-0.36120325203251724
114,Zimbabwe,CAF,0.9978718082770764,1.1576141670469553,44.40731707317073,112,CAF,0.978811179605822,1.1186005833763952,44.858975609756094,both,2,-0.019060628671254465,-0.03901358367056007,0.4516585365853629
117,Suriname,CONCACAF,0.8559551931409588,1.0321025799162076,44.04860975609756,113,CONCACAF,0.9146055896384916,1.0570650878838397,44.73261788617886,both,4,0.058650396497532786,0.024962507967632108,0.6840081300812955
133,Rwanda,CAF,0.7769429212306362,1.0206168532251232,43.04874796747968,114,CAF,0.8284740748924367,0.9605955344391904,44.72560162601626,both,19,0.0515311536618005,-0.060021318785932753,1.6768536585365794
112,Libya,CAF,0.9147344117967984,1.0440477260860035,44.66002439024391,115,CAF,0.9107159600338052,1.0613993396102137,44.62319512195121,both,-3,-0.004018451762993203,0.01735161352421022,-0.03682926829269917
113,Botswana,CAF,0.9027824003766154,1.036660405896816,44.570398373983735,116,CAF,0.8890120602150959,1.056991965175746,44.402284552845536,both,-3,-0.013770340161519457,0.020331559278929934,-0.16811382113819917
116,Syria,AFC,0.8361115303009703,0.9919483274877956,44.21226829268293,117,AFC,0.8462561720825477,1.0235191432464343,44.24079674796748,both,-1,0.010144641781577368,0.03157081575863874,0.028528455284551058
111,Latvia,UEFA,0.9331822208305324,1.0497343249441566,44.86841463414634,118,UEFA,0.9208279597380952,1.1166983428939297,44.1089268292683,both,-7,-0.012354261092437202,0.06696401794977302,-0.7594878048780416
118,Madagascar,CAF,1.0108270743506025,1.2039357950377143,44.04268292682927,119,CAF,1.0155830400887669,1.2260714835646518,44.074951219512194,both,-1,0.004755965738164392,0.02213568852693748,0.03226829268292164
122,Indonesia,AFC,0.6078421694608943,0.7797291538836184,43.62942276422764,120,AFC,0.6067874169292282,0.7660818860593487,44.01345528455284,both,2,-0.0010547525316660922,-0.013647267824269727,0.3840325203251993
121,Congo,CAF,1.0702967762302171,1.296262048205711,43.78590243902439,121,CAF,1.076650002267534,1.313492401809737,43.84494308943089,both,0,0.006353226037316917,0.017230353604025916,0.05904065040650153
124,Lithuania,UEFA,0.8414034521982616,1.0565741678041307,43.54392682926829,122,UEFA,0.8545477043059179,1.0694566274066502,43.77922764227642,both,2,0.01314425210765624,0.012882459602519436,0.23530081300813066
119,Bahrain,AFC,0.8812131422896659,1.0716299440095112,43.91214634146341,123,AFC,0.8688033380975819,1.0870815400248086,43.76314634146342,both,-4,-0.012409804192083929,0.015451596015297442,-0.1489999999999938
127,Sudan,CAF,0.7292921652032384,0.9352989273526116,43.43209756097561,124,CAF,0.7336212055924844,0.9477312370588616,43.58777235772357,both,3,0.004329040389246086,0.012432309706250089,0.15567479674795948
115,Tanzania,CAF,0.87139001620811,1.020415377309089,44.35508130081301,125,CAF,0.8535320145910323,1.089911918606653,43.540121951219504,both,-10,-0.017858001617077623,0.06949654129756411,-0.8149593495935079
131,Ethiopia,CAF,0.8829358279211643,1.1440032249856098,43.085691056910576,126,CAF,0.8629087996563017,1.1053979169262804,43.47118699186992,both,5,-0.02002702826486258,-0.03860530805932938,0.3854959349593443
126,Guinea-Bissau,CAF,0.8621409144304717,1.0901208291510471,43.44124390243903,127,CAF,0.8588985795903094,1.1026888325100572,43.45241463414634,both,-1,-0.003242334840162342,0.012568003359010094,0.011170731707316861
128,North Korea,AFC,0.9717335205377532,1.2274819723704609,43.28150406504065,128,AFC,0.977501680211894,1.2437980779416964,43.39191056910569,both,0,0.005768159674140794,0.01631610557123553,0.11040650406503971
125,Liberia,CAF,0.93288221960707,1.1660496057015706,43.47978861788618,129,CAF,0.926791256819042,1.1976402737483736,43.20630894308943,both,-4,-0.006090962788028009,0.031590668046802994,-0.2734796747967465
135,El Salvador,CONCACAF,0.7347888762945961,1.0211143542525811,42.49990243902439,130,CONCACAF,0.7429315734608991,0.9994637699868008,43.07234146341463,both,5,0.008142697166303003,-0.02165058426578037,0.572439024390242
132,China PR,AFC,0.8713372343185062,1.1321736958308126,43.0599837398374,131,AFC,0.8210671155927627,1.1149983658372455,42.79730894308943,both,1,-0.050270118725743496,-0.01717532999356708,-0.2626747967479659
129,Central African Republic,CAF,0.9423700106437176,1.200449818442596,43.201447154471545,132,CAF,0.909877650656286,1.2235251337916897,42.7119918699187,both,-3,-0.03249235998743161,0.023075315349093684,-0.4894552845528466
123,Malawi,CAF,0.8520213967223439,1.0664232591362997,43.57841463414634,133,CAF,0.7921864891048651,1.101396299022686,42.58972357723578,both,-10,-0.05983490761747878,0.03497303988638634,-0.9886910569105609
137,Trinidad and Tobago,CONCACAF,0.8312452045099631,1.188684896351398,41.8550162601626,134,CONCACAF,0.8729457409026296,1.2146407309443408,42.3349756097561,both,3,0.041700536392666465,0.025955834592942706,0.47995934959349995
136,Swaziland,CAF,0.744856844510089,1.0775142074027917,41.91591869918699,135,CAF,0.7492782760267597,1.091836890715638,42.11803252032521,both,1,0.004421431516670626,0.014322683312846252,0.2021138211382194
134,Andorra,UEFA,0.4947219311982356,0.7261456908213006,42.64026016260163,136,UEFA,0.451003670172633,0.752711850314094,41.91647967479675,both,-2,-0.04371826102560261,0.026566159492793395,-0.7237804878048806
138,Lesotho,CAF,0.6837288419910289,1.0882572825227703,40.96769105691057,137,CAF,0.688575279797305,1.0905610856119743,41.29988617886178,both,1,0.004846437806276138,0.0023038030892039707,0.3321951219512158
143,Curacao,CONCACAF,0.6443220591673737,1.1131235181917616,40.14463414634146,138,CONCACAF,0.7118102261285637,1.1195068039503784,41.26812195121951,both,5,0.06748816696118998,0.006383285758616797,1.123487804878053
130,Martinique,CONCACAF,0.8484279781047559,1.1034895050019091,43.127252032520325,139,CONCACAF,0.8243491066328584,1.2625310734885828,41.15921951219512,both,-9,-0.024078871471897467,0.15904156848667372,-1.9680325203252025
139,Kyrgyzstan,AFC,0.8626811664895506,1.324313203847212,40.74634959349594,140,AFC,0.8043579479045734,1.260935356141955,40.90563414634147,both,-1,-0.05832321858497724,-0.06337784770525712,0.15928455284552712
142,South Sudan,CAF,0.6584670648582657,1.0951584642001804,40.53442276422764,141,CAF,0.6623756911328471,1.1097156809425288,40.66861788617886,both,1,0.003908626274581439,0.014557216742348444,0.1341951219512154
141,Nicaragua,CONCACAF,0.7212677865052994,1.1630492830739334,40.66275609756097,142,CONCACAF,0.6875802057578279,1.1527217188957763,40.57038211382113,both,-1,-0.03368758074747158,-0.010327564178157056,-0.09237398373984007
140,San Marino,UEFA,0.3556048466772912,0.7123665617591668,40.73446341463414,143,UEFA,0.3631917808609711,0.7611979640812369,40.505073170731706,both,-3,0.007586934183679894,0.04883140232207006,-0.22939024390243645
145,Dominican Republic,CONCACAF,0.7290717601325474,1.238537679080893,39.92651219512196,144,CONCACAF,0.7796264225618477,1.3060122905976064,40.07531707317074,both,1,0.05055466242930029,0.0674746115167133,0.14880487804877873
144,Kuwait,AFC,0.7664668070232868,1.2779786326903224,39.97045528455285,145,AFC,0.7629949497676265,1.3081768878945566,39.86728455284553,both,-1,-0.003471857255660349,0.030198255204234137,-0.10317073170731561
146,Tajikistan,AFC,0.4895926399104445,0.950859855936714,39.857699186991866,146,AFC,0.4843150755288039,0.9626827216462036,39.86504878048781,both,0,-0.00527756438164062,0.01182286570948965,0.007349593495945328
147,Chad,CAF,0.6084826380548147,1.1264051167210365,39.494365853658536,147,CAF,0.6120945593697245,1.1413776745378397,39.613162601626016,both,0,0.0036119213149097273,0.014972557816803178,0.11879674796747963
148,Somalia,CAF,0.4560512872819025,0.9648130607515528,39.19029268292682,148,CAF,0.4587583840209176,0.9776376823020664,39.34534959349594,both,0,0.002707096739015147,0.01282462155051356,0.1550569105691224
149,Gibraltar,UEFA,0.4141039607265382,0.948915286886812,38.76472357723577,149,UEFA,0.4003200567628292,0.9817511570554543,38.474658536585366,both,0,-0.013783903963708988,0.03283587016864231,-0.29006504065040417
150,Burundi,CAF,0.5985379340248457,1.2304511985708455,38.1749430894309,150,CAF,0.5782085429195649,1.2421451918957476,38.05949593495935,both,0,-0.02032939110528076,0.011693993324902063,-0.1154471544715463
151,Djibouti,CAF,0.5618708963512089,1.222353567248598,37.77352032520325,151,CAF,0.5652061327899116,1.238601504324276,37.894544715447154,both,0,0.0033352364387027045,0.016247937075678065,0.12102439024390321
152,Cuba,CONCACAF,0.5485126643103561,1.2285865716531186,37.51584552845528,152,CONCACAF,0.5724934036643049,1.294524681323831,37.39395934959349,both,0,0.023980739353948843,0.06593810967071234,-0.12188617886179287
153,Lebanon,AFC,0.3687679254666651,1.0335865139031513,37.09244715447155,153,AFC,0.3709569127063111,1.047325295455504,37.27660975609757,both,0,0.002188987239646001,0.013738781552352641,0.18416260162602072
154,Vietnam,AFC,0.5310039956605691,1.3069712403825235,36.42145528455284,154,AFC,0.5278799633350089,1.2951007401571997,36.765723577235775,both,0,-0.0031240323255602442,-0.011870500225323877,0.34426829268293346
156,Thailand,AFC,0.5541945672454761,1.3550077650738488,36.24616260162601,155,AFC,0.5484866677548333,1.3461977552681457,36.51477235772358,both,1,-0.005707899490642765,-0.008810009805703123,0.2686097560975682
155,Sao Tome and Principe,CAF,0.600009271928976,1.4142681989167298,36.2660487804878,156,CAF,0.6035708957829479,1.4330671301914633,36.3339756097561,both,-1,0.0035616238539718514,0.01879893127473342,0.06792682926830196
157,Mauritius,CAF,0.4174184816454926,1.2219236470712544,35.74582926829268,157,CAF,0.4198962560581075,1.2381658695025153,35.871398373983745,both,0,0.002477774412614875,0.016242222431260833,0.1255691056910635
167,Pakistan,AFC,0.0477700382912255,0.9321308582085058,33.38631707317073,158,AFC,0.0810999758513419,0.8274687060596544,35.40343089430895,both,9,0.0333299375601164,-0.10466215214885144,2.017113821138217
161,Liechtenstein,UEFA,0.184495410148478,0.9853369175292728,34.893520325203255,159,UEFA,0.1928537851106813,0.9901735144140208,35.26674796747968,both,2,0.008358374962203291,0.004836596884748023,0.3732276422764258
160,Hong Kong,AFC,0.2830793446576429,1.114131327732569,34.97528455284553,160,AFC,0.2784534664303382,1.135632924034434,34.94144715447155,both,0,-0.004625878227304703,0.02150159630186499,-0.03383739837398281
159,India,AFC,0.2741534369874442,1.0814897780806512,35.233455284552846,161,AFC,0.2642022331030794,1.1205740913288986,34.91674796747968,both,-2,-0.009951203884364823,0.03908431324824746,-0.3167073170731669
163,Chinese Taipei,AFC,0.2675957323271033,1.113505423023017,34.74782926829268,162,AFC,0.2691841666864812,1.1283065137478785,34.89890243902439,both,1,0.0015884343593778882,0.014801090724861465,0.15107317073170634
158,Grenada,CONCACAF,0.4331693045484757,1.2589492068840953,35.61008130081301,163,CONCACAF,0.3951698344533689,1.3347192501362315,34.48113008130081,both,-5,-0.03799947009510679,0.07577004325213621,-1.1289512195121958
164,Turkmenistan,AFC,0.4431492710738396,1.3847500746950985,34.37008943089431,164,AFC,0.4457797821151984,1.4031566410782037,34.47040650406504,both,0,0.0026305110413588073,0.018406566383105227,0.10031707317072858
165,Malaysia,AFC,0.3789857227509049,1.3156164102705996,34.22704065040651,165,AFC,0.3812353623041819,1.3331040286017848,34.30194308943089,both,0,0.0022496395532770053,0.017487618331185173,0.07490243902438465
166,Montserrat,CONCACAF,0.5010187303893047,1.4905109567832224,34.047,166,CONCACAF,0.5039927515335187,1.51032333258455,34.18956097560975,both,0,0.0029740211442140785,0.019812375801327553,0.14256097560975434
170,Guyana,CONCACAF,0.5760083023919151,1.6916382359610118,33.07638211382114,167,CONCACAF,0.5421072977941515,1.6116966349170625,33.66681300813008,both,3,-0.033901004597763684,-0.07994160104394932,0.5904308943089376
174,Bermuda,CONCACAF,0.633074277657669,1.8990928635286688,31.8609756097561,168,CONCACAF,0.6703070375488719,1.8135721850065976,33.35883739837398,both,6,0.03723275989120289,-0.08552067852207124,1.4978617886178789
169,Seychelles,CAF,0.2020988856517068,1.1753947386203687,33.09636585365854,169,CAF,0.203298534133278,1.191018483062146,33.249959349593496,both,0,0.0011996484815711972,0.015623744441777276,0.15359349593495608
162,Afghanistan,AFC,0.2313189578826256,1.061477166431971,34.77173170731707,170,AFC,0.2032430716700607,1.2099666677925538,33.09552845528456,both,-8,-0.028075886212564904,0.1484895013605827,-1.676203252032515
171,Papua New Guinea,OFC,0.3414652450282991,1.3984581271108116,32.85951219512195,171,OFC,0.3434921649758614,1.4170469055633603,32.95108130081301,both,0,0.002026919947562267,0.018588778452548693,0.09156910569105747
172,Bangladesh,AFC,0.1188536463051276,1.1303893352310763,32.356886178861785,172,AFC,0.1274807979443712,1.127082319185032,32.79243902439025,both,0,0.008627151639243602,-0.00330701604604422,0.43555284552846274
178,Cambodia,AFC,0.1487802466665714,1.2695760455021048,31.334934959349592,173,AFC,0.1438564708966584,1.198102368093676,32.279227642276425,both,5,-0.004923775769912986,-0.0714736774084288,0.9442926829268323
168,St. Vincent and the Grenadines,CONCACAF,0.5004552465733213,1.576354475187392,33.237121951219514,174,CONCACAF,0.4737694966315632,1.7067392832849086,31.81960975609756,both,-6,-0.026685749941758097,0.13038480809751674,-1.4175121951219545
177,New Caledonia,OFC,0.4294913996049355,1.6635177775714662,31.3879512195122,175,OFC,0.406827678435991,1.616222703877228,31.81679674796748,both,2,-0.022663721168944495,-0.04729507369423813,0.42884552845528034
176,Yemen,AFC,0.2250653466807954,1.3746770907107106,31.415154471544717,176,AFC,0.2264013228814026,1.3929497635835189,31.507365853658538,both,0,0.001335976200607214,0.018272672872808204,0.0922113821138204
179,Nepal,AFC,0.1042038720963325,1.2208939095988347,31.2080487804878,177,AFC,0.1048224208653229,1.2371224444113045,31.29630081300813,both,2,0.0006185487689903957,0.016228534812469775,0.0882520325203302
180,Puerto Rico,CONCACAF,0.378805186383227,1.659499791279974,30.77092682926829,178,CONCACAF,0.3539748918361516,1.604853546391986,31.20148780487805,both,2,-0.024830294547075416,-0.05464624488798808,0.43056097560975815
185,Bonaire,CONCACAF,0.0681506512750309,1.4247787674715378,28.66890243902439,179,CONCACAF,0.0686238607785972,1.2631593587169432,30.51594308943089,both,6,0.000473209503566302,-0.16161940875459457,1.8470406504065018
173,British Virgin Islands,CONCACAF,0.1256733172347583,1.1562616840269853,32.18885365853659,180,CONCACAF,0.1054131189148132,1.3259492148726113,30.46987804878049,both,-7,-0.020260198319945105,0.16968753084562604,-1.7189756097560966
181,Singapore,AFC,0.2610277560643591,1.5628800691840423,30.07882113821138,181,AFC,0.2638683364318844,1.558139056064417,30.40469918699187,both,0,0.002840580367525325,-0.00474101311962527,0.3258780487804884
175,St. Martin,CONCACAF,0.1606386375682593,1.2423632801431663,31.81369918699187,182,CONCACAF,0.1444495772817607,1.4464630990261922,29.823056910569107,both,-7,-0.016189060286498608,0.20409981888302586,-1.9906422764227614
183,Sri Lanka,AFC,0.0725441103800205,1.3916568924277548,29.04443089430894,183,AFC,0.0729747284489113,1.410155266568386,29.14719512195122,both,0,0.00043061806889080345,0.01849837414063127,0.10276422764227888
182,Solomon Islands,OFC,0.3684162690355951,1.8255748406553824,29.05816260162602,184,OFC,0.3867383890414734,1.917300034513688,28.768512195121943,both,-2,0.018322120005878295,0.09172519385830546,-0.2896504065040766
186,Vanuatu,OFC,0.2329415134668177,1.777645160062564,27.72443902439024,185,OFC,0.2253370152391602,1.7325501196994215,28.246715447154475,both,1,-0.007604498227657519,-0.04509504036314249,0.5222764227642358
184,Myanmar,AFC,0.2160762077858566,1.6479816128067917,28.67164227642277,186,AFC,0.2111644828999991,1.7194025245538511,28.20753658536585,both,-2,-0.004911724885857505,0.07142091174705945,-0.46410569105691835
187,Maldives,AFC,0.0419802260708007,1.5319367877718275,27.30268292682927,187,AFC,0.038671681838147,1.460232473298959,28.18911382113821,both,0,-0.0033085442326536985,-0.0717043144728684,0.8864308943089405
189,Aruba,CONCACAF,0.2025350153704663,1.869371847110305,26.518024390243905,188,CONCACAF,0.2058487249878008,1.760448068793354,27.789138211382117,both,1,0.003313709617334487,-0.10892377831695099,1.2711138211382114
190,Dominica,CONCACAF,0.233710407806591,1.940282252792989,26.3239674796748,189,CONCACAF,0.2127841646722705,1.783430039927564,27.645024390243904,both,1,-0.02092624313432051,-0.15685221286542506,1.321056910569105
191,Fiji,OFC,0.3098012843463634,2.1012601879234323,25.92374796747968,190,OFC,0.3012782637493214,2.0586226943029406,26.411837398373983,both,1,-0.00852302059704202,-0.04263749362049163,0.488089430894302
188,Belize,CONCACAF,0.2245909346135929,1.84852645594049,26.994040650406504,191,CONCACAF,0.2093653140828187,1.9907767596421115,25.79382113821138,both,-3,-0.015225620530774198,0.14225030370162162,-1.2002195121951225
193,Antigua and Barbuda,CONCACAF,0.2359969579381755,2.0468583878365623,25.43459349593496,192,CONCACAF,0.2373978236150593,2.074065921875385,25.470731707317075,both,1,0.0014008656768838001,0.0272075340388227,0.03613821138211648
195,Philippines,AFC,0.2123872000130408,2.090893064866881,24.76529268292683,193,AFC,0.2077363228792455,2.152362761738375,24.44380487804878,both,2,-0.004650877133795278,0.06146969687149406,-0.32148780487804984
192,Bahamas,CONCACAF,0.2436675648213603,2.0085080878164576,25.883585365853666,194,CONCACAF,0.2193645640315158,2.179176349368328,24.426455284552848,both,-2,-0.024303000789844487,0.17066826155187043,-1.457130081300818
194,Barbados,CONCACAF,0.3135459958465967,2.2081326253961056,25.109292682926824,195,CONCACAF,0.2913200370029723,2.3271332300695846,24.15621138211382,both,-1,-0.022225958843624383,0.11900060467347906,-0.9530813008130039
196,Cayman Islands,CONCACAF,0.1250915111948141,2.284491136335869,22.18620325203252,196,CONCACAF,0.1102959423271467,2.176353516421441,23.08716260162602,both,0,-0.014795568867667391,-0.10813761991442794,0.9009593495934993
198,St. Lucia,CONCACAF,0.1986811007900537,2.4463748675038457,21.90218699186992,197,CONCACAF,0.2514020986791141,2.433956858613378,22.87152845528455,both,1,0.05272099788906043,-0.012418008890467735,0.9693414634146293
197,St. Kitts and Nevis,CONCACAF,0.1695809194891312,2.3947344577866447,21.936073170731703,198,CONCACAF,0.1606486490383301,2.4482684897611287,21.69843089430894,both,-1,-0.00893227045080111,0.05353403197448392,-0.23764227642276126
199,Anguilla,CONCACAF,0.0410725969658494,2.271038316654266,21.270349593495933,199,CONCACAF,0.0374641494750705,2.406149517654807,20.52259349593496,both,0,-0.0036084474907789044,0.1351112010005413,-0.7477560975609734
200,Sint Maarten,CONCACAF,0.1438569879444331,2.535199761201375,20.640544715447152,200,CONCACAF,0.129552512374794,2.656690814285577,19.859495934959348,both,0,-0.014304475569639097,0.12149105308420216,-0.7810487804878044
201,Laos,AFC,0.0643819848968143,2.5480595765882854,19.624268292682924,201,AFC,0.0647641530130458,2.581929246358772,19.641731707317074,both,0,0.0003821681162314988,0.03386966977048678,0.017463414634150354
202,Brunei,AFC,0.0434462463459044,2.5537174016414657,19.326325203252036,202,AFC,0.0437041410061879,2.587662277136312,19.356837398373983,both,0,0.0002578946602834961,0.03394487549484637,0.030512195121946917
205,Turks and Caicos Islands,CONCACAF,0.0051076108335422,2.5203286525611865,19.143243902439025,203,CONCACAF,0.0051379293459929,2.553829713509548,19.137918699186997,both,2,3.0318512450700462e-05,0.03350106094836125,-0.005325203252027677
206,Timor-Leste,AFC,0.0213909277913903,2.556362778847193,19.05534146341463,204,AFC,0.0215179032270122,2.590342817590653,19.078252032520325,both,2,0.0001269754356218976,0.03398003874346012,0.022910569105693668
204,Bhutan,AFC,0.0425552879129991,2.5757622116891925,19.18317886178862,205,AFC,0.0406064087498595,2.651733031246976,18.91307317073171,both,-1,-0.0019488791631395996,0.07597081955778329,-0.2701056910569086
203,US Virgin Islands,CONCACAF,0.020149865002495,2.527108019160327,19.244105691056912,206,CONCACAF,0.0188880777597541,2.6208582182672826,18.835373983739835,both,-3,-0.0012617872427409006,0.09375019910695581,-0.4087317073170773
